CookerStat, GenerateAssetRegistry=0.022184, Initialize=0.132758, RunGuid=RunIDECA638CB4BF6F5D835F282AF4CFCF166
DDCTransactionIdDBD52D414ABF79E81D9BA6900BB54637_0, PutCachedData=, CacheKey=PhysX_1D9C17C451EA4FB88CB7A27536A65DB0_PhysXPC_293AE30144496734C1A3CABCDBD73EA__4C102F0A417731244BE300C67D174DE8A63DDF66, StartTime=2016.05.03-08.51.44, HierarchicalDDC=, DataSize=840, Duration=8.072790, RunGuid=RunIDECA638CB4BF6F5D835F282AF4CFCF166
SavePackageTransactionId4820FF27432288EF58FF1BAF7B7A9084_0, Filename=../../../../../../Users/STEM/Documents/Unreal Projects/CPPSpawnTest/Content/StarterContent/Architecture/Floor_400x400.uasset, AutoPackageBackupDelegate=4.103601, FlushAsyncLoading=0.015229, FlushStreamingFunc=0.125144, BlockTillAllRequestsFinished=0.036418, ResetLoadersForSaveUnMarkAllObjects=0.271477, TagPackageExports=0.036750, BeginCacheForCookedPlatformData=0.001654, SerializeImports=0.690944, GatherLocalizableTextData=0.166196, MarkNames=0.008605, SerializeSummary=0.014897, SerializeNames=0.063237, SerializeGatherableTextData=0.001654, BuildExportMap=0.025161, SortExportsNonSeekfree=0.011589, SortExportsSeekfreeConstructor=0.068530, SortExportsSeekfreeInner=0.695907, SortExportsSeekfree=0.003643, BuildDependencyMap=0.012249, SerializeImportMap=0.008605, SerializeExportMap=0.005629, SerializeDependencyMap=0.001654, SerializeStringAssetReferenceMap=0.001322, SaveThumbNailsAssetRegistryDataWorldLevelInfo=7.569566, SerializeExports=0.238370, SerializeBulkData=0.023838, MoveFile=4.209545, UnaccountedTime=1.589794, RunGuid=RunIDECA638CB4BF6F5D835F282AF4CFCF166
DDCTransactionId961227E44A29F6893F8C91AFC9E7292B_0, BuildTexture=, CacheKey=TEXTURE_814DCC3DC72143F49509781513CB9855_AutoDXT_FC7A1A594001EBE0E467E3A2D692FE23_07_0000803F0000803F0000803F000000000000803F00000000000000000000803F0000000000000000020000000E000000000000000101000000040000803FFFFFFFFF00000000FF00FF00FFFF8180803B, StartTime=2016.05.03-08.51.45, Duration=229.067078, RunGuid=RunIDECA638CB4BF6F5D835F282AF4CFCF166
DDCTransactionId7953E55C4D154E68C53A799F903EBC87_0, PutCachedData=, CacheKey=TEXTURE_814DCC3DC72143F49509781513CB9855_AutoDXT_FC7A1A594001EBE0E467E3A2D692F__F347CAA94BBC0F3A24C8B7FB4F69617A6A85C015, StartTime=2016.05.03-08.51.45, HierarchicalDDC=, DataSize=262407, Duration=12.071442, RunGuid=RunIDECA638CB4BF6F5D835F282AF4CFCF166
DDCTransactionIdD6768848493A87104F6274BE8E120F4B_0, PutCachedData=, CacheKey=TEXTURE_814DCC3DC72143F49509781513CB9855_AutoDXT_FC7A1A594001EBE0E467E3A2D692F__8615B3B40FE41DAB6E69A5C460CF923101857EFF, StartTime=2016.05.03-08.51.45, HierarchicalDDC=, DataSize=65799, Duration=209.086060, RunGuid=RunIDECA638CB4BF6F5D835F282AF4CFCF166
DDCTransactionIdDBD52D414ABF79E81D9BA6900BB54637_1, PutCachedData=, CacheKey=TEXTURE_814DCC3DC72143F49509781513CB9855_AutoDXT_FC7A1A594001EBE0E467E3A2D692F__2987912F2631C0C7F3AC48A4AE6790FACCBFEA14, StartTime=2016.05.03-08.51.45, HierarchicalDDC=, DataSize=16647, Duration=241.957260, RunGuid=RunIDECA638CB4BF6F5D835F282AF4CFCF166
DDCTransactionId961227E44A29F6893F8C91AFC9E7292B_1, BuildTexture=, CacheKey=TEXTURE_814DCC3DC72143F49509781513CB9855_AutoDXT_A03284D8411051A35ED81D99FE3E9BA3_07_0000803F0000803F0000803F000000000000803F00000000000000000000803F0000000000000000020000000E000000000000000101000000040000803FFFFFFFFF00000000FF00FF00FFFF8180803B, StartTime=2016.05.03-08.51.45, Duration=5.263999, RunGuid=RunIDECA638CB4BF6F5D835F282AF4CFCF166
DDCTransactionId961227E44A29F6893F8C91AFC9E7292B_2, BuildTexture=, CacheKey=TEXTURE_814DCC3DC72143F49509781513CB9855_DXT1_5C50B816464CCC8B300534A1100D56C6_07_0000803F0000803F0000803F000000000000803F00000000000000000000803F0000000000000000020000000E000000000000000101000000040000803FFFFFFFFF00000000FF00FF00FFFF8180803B, StartTime=2016.05.03-08.51.45, Duration=65.589104, RunGuid=RunIDECA638CB4BF6F5D835F282AF4CFCF166
DDCTransactionId7953E55C4D154E68C53A799F903EBC87_1, PutCachedData=, CacheKey=TEXTURE_814DCC3DC72143F49509781513CB9855_AutoDXT_FC7A1A594001EBE0E467E3A2D692F__883FEF797EAC9E7AF6376007E47FEDCA89C86A97, StartTime=2016.05.03-08.51.45, HierarchicalDDC=, DataSize=6899, Duration=20.076365, RunGuid=RunIDECA638CB4BF6F5D835F282AF4CFCF166
DDCTransactionId7953E55C4D154E68C53A799F903EBC87_2, PutCachedData=, CacheKey=TEXTURE_814DCC3DC72143F49509781513CB9855_AutoDXT_A03284D8411051A35ED81D99FE3E9__1A5578C3526F715997B0B7D765646CBDB4E59541, StartTime=2016.05.03-08.51.45, HierarchicalDDC=, DataSize=6014, Duration=25.892258, RunGuid=RunIDECA638CB4BF6F5D835F282AF4CFCF166
DDCTransactionId7953E55C4D154E68C53A799F903EBC87_3, PutCachedData=, CacheKey=TEXTURE_814DCC3DC72143F49509781513CB9855_DXT1_5C50B816464CCC8B300534A1100D56C6__EA88B4CE3DE996BB264326F9E7786ACFA165F398, StartTime=2016.05.03-08.51.45, HierarchicalDDC=, DataSize=131332, Duration=5.390469, RunGuid=RunIDECA638CB4BF6F5D835F282AF4CFCF166
DDCTransactionId961227E44A29F6893F8C91AFC9E7292B_3, BuildTexture=, CacheKey=TEXTURE_814DCC3DC72143F49509781513CB9855_DXT1_1F1EFF7146A1BAED4622B390A77C3499_07_0000803F0000803F0000803F000000000000803F00000000000000000000803F0000000000000000020000000E000000000000000101000000040000803FFFFFFFFF00000000FF00FF00FFFF8180803B, StartTime=2016.05.03-08.51.45, Duration=3.284868, RunGuid=RunIDECA638CB4BF6F5D835F282AF4CFCF166
DDCTransactionId7953E55C4D154E68C53A799F903EBC87_4, PutCachedData=, CacheKey=TEXTURE_814DCC3DC72143F49509781513CB9855_DXT1_5C50B816464CCC8B300534A1100D56C6__B1B383481F0D93D0107D147CA5264C548EAC2397, StartTime=2016.05.03-08.51.45, HierarchicalDDC=, DataSize=33028, Duration=4.557498, RunGuid=RunIDECA638CB4BF6F5D835F282AF4CFCF166
DDCTransactionId7953E55C4D154E68C53A799F903EBC87_5, PutCachedData=, CacheKey=TEXTURE_814DCC3DC72143F49509781513CB9855_DXT1_5C50B816464CCC8B300534A1100D56C6__40720D9CDA0F726ACC0B78A9D41ABC927F83F6F4, StartTime=2016.05.03-08.51.46, HierarchicalDDC=, DataSize=8452, Duration=9.677485, RunGuid=RunIDECA638CB4BF6F5D835F282AF4CFCF166
DDCTransactionIdD6768848493A87104F6274BE8E120F4B_1, PutCachedData=, CacheKey=TEXTURE_814DCC3DC72143F49509781513CB9855_DXT1_5C50B816464CCC8B300534A1100D56C6__4E02A955DB8991F69699C5B7AA07B77059820748, StartTime=2016.05.03-08.51.46, HierarchicalDDC=, DataSize=4143, Duration=89.031448, RunGuid=RunIDECA638CB4BF6F5D835F282AF4CFCF166
DDCTransactionIdDBD52D414ABF79E81D9BA6900BB54637_2, PutCachedData=, CacheKey=TEXTURE_814DCC3DC72143F49509781513CB9855_DXT1_1F1EFF7146A1BAED4622B390A77C3499__1F0D8E04E9F1D2C7C558630BF3A82ADB21C3D46E, StartTime=2016.05.03-08.51.46, HierarchicalDDC=, DataSize=3267, Duration=23.430098, RunGuid=RunIDECA638CB4BF6F5D835F282AF4CFCF166
DDCTransactionId7953E55C4D154E68C53A799F903EBC87_6, PutCachedData=, CacheKey=GSM_753D597996674C67855E3A31377FCDd0_PCD3D_SM5_5__BC5N_DEV_SL_NoDBuf_EARLYZ3_T__C656B69AABD6F7FEC081ADB98DCE8CA5E76912C5, StartTime=2016.05.03-09.10.37, HierarchicalDDC=, DataSize=4034990, Duration=0.013907, RunGuid=RunIDECA638CB4BF6F5D835F282AF4CFCF166
DDCTransactionId7953E55C4D154E68C53A799F903EBC87_7, PutCachedData=, CacheKey=GSM_753D597996674C67855E3A31377FCDd0_PCD3D_SM5_5__BC5N_DEV_SL_NoDBuf_EARLYZ3_T__C656B69AABD6F7FEC081ADB98DCE8CA5E76912C5, StartTime=2016.05.03-09.11.05, HierarchicalDDC=, DataSize=4034990, Duration=0.014238, RunGuid=RunIDECA638CB4BF6F5D835F282AF4CFCF166
DDCTransactionId961227E44A29F6893F8C91AFC9E7292B_4, BuildTexture=, CacheKey=TEXTURE_814DCC3DC72143F49509781513CB9855_AutoDXT_27CB409A4EA1961BBF5CB98F461B5665_07_0000803F0000803F0000803F000000000000803F00000000000000000000803F00000000000000000200000001000100000000000101000000040000803FFFFFFFFF00000000FF00FF00FFFF8180803B, StartTime=2016.05.03-09.37.18, Duration=40.775799, RunGuid=RunIDECA638CB4BF6F5D835F282AF4CFCF166
DDCTransactionIdDBD52D414ABF79E81D9BA6900BB54637_3, PutCachedData=, CacheKey=TEXTURE_814DCC3DC72143F49509781513CB9855_AutoDXT_27CB409A4EA1961BBF5CB98F461B5__9207469843C0A84E7C6C4D7632CDF59515D7EBCC, StartTime=2016.05.03-09.37.18, HierarchicalDDC=, DataSize=16647, Duration=8.052595, RunGuid=RunIDECA638CB4BF6F5D835F282AF4CFCF166
DDCTransactionIdD6768848493A87104F6274BE8E120F4B_2, PutCachedData=, CacheKey=TEXTURE_814DCC3DC72143F49509781513CB9855_AutoDXT_27CB409A4EA1961BBF5CB98F461B5__EFCEB895414C1737EA808DDE646F5576988EABF6, StartTime=2016.05.03-09.37.18, HierarchicalDDC=, DataSize=6309, Duration=39.480328, RunGuid=RunIDECA638CB4BF6F5D835F282AF4CFCF166
SavePackageTransactionId4820FF27432288EF58FF1BAF7B7A9084_1, Filename=../../../../../../Users/STEM/Documents/Unreal Projects/CPPSpawnTest/Content/StarterContent/Maps/Minimal_Default.umap, AutoPackageBackupDelegate=20.637527, FlushAsyncLoading=0.015229, FlushStreamingFunc=0.058599, BlockTillAllRequestsFinished=0.005960, ResetLoadersForSaveUnMarkAllObjects=143.228134, TagPackageExports=0.946198, BeginCacheForCookedPlatformData=0.002649, SerializeImports=10.089662, GatherLocalizableTextData=7.492758, MarkNames=0.056282, SerializeSummary=0.014897, SerializeNames=0.412844, SerializeGatherableTextData=0.017878, BuildExportMap=0.335041, SortExportsNonSeekfree=0.249956, SortExportsSeekfreeConstructor=0.059925, SortExportsSeekfreeInner=23.212914, SortExportsSeekfree=0.005960, BuildDependencyMap=0.079125, SerializeImportMap=0.052307, SerializeExportMap=0.027481, SerializeDependencyMap=0.006955, SerializeStringAssetReferenceMap=0.001654, SaveThumbNailsAssetRegistryDataWorldLevelInfo=0.848532, SerializeExports=3.016699, SerializeBulkData=73.821472, MoveFile=4.147965, UnaccountedTime=3.380544, RunGuid=RunIDECA638CB4BF6F5D835F282AF4CFCF166
SavePackageTransactionId4820FF27432288EF58FF1BAF7B7A9084_2, Filename=../../../../../../Users/STEM/Documents/Unreal Projects/CPPSpawnTest/Content/StarterContent/Maps/Minimal_Default.umap, AutoPackageBackupDelegate=0.602216, FlushAsyncLoading=0.003312, FlushStreamingFunc=0.048999, BlockTillAllRequestsFinished=0.004303, ResetLoadersForSaveUnMarkAllObjects=31.425413, TagPackageExports=0.759807, BeginCacheForCookedPlatformData=0.002317, SerializeImports=1.945030, GatherLocalizableTextData=7.411975, MarkNames=0.058599, SerializeSummary=0.014238, SerializeNames=0.413503, SerializeGatherableTextData=0.018541, BuildExportMap=0.326104, SortExportsNonSeekfree=0.245653, SortExportsSeekfreeConstructor=0.060584, SortExportsSeekfreeInner=13.170592, SortExportsSeekfree=0.004638, BuildDependencyMap=0.074159, SerializeImportMap=0.052970, SerializeExportMap=0.026818, SerializeDependencyMap=0.006620, SerializeStringAssetReferenceMap=0.001658, SaveThumbNailsAssetRegistryDataWorldLevelInfo=0.812113, SerializeExports=3.036566, SerializeBulkData=27.772728, MoveFile=61.649048, UnaccountedTime=3.846362, RunGuid=RunIDECA638CB4BF6F5D835F282AF4CFCF166
SavePackageTransactionId4820FF27432288EF58FF1BAF7B7A9084_3, Filename=../../../../../../Users/STEM/Documents/Unreal Projects/CPPSpawnTest/Content/StarterContent/Maps/Minimal_Default.umap, AutoPackageBackupDelegate=0.710472, FlushAsyncLoading=0.003312, FlushStreamingFunc=0.085749, BlockTillAllRequestsFinished=0.005625, ResetLoadersForSaveUnMarkAllObjects=36.065022, TagPackageExports=0.783972, BeginCacheForCookedPlatformData=0.002649, SerializeImports=1.880806, GatherLocalizableTextData=7.472891, MarkNames=0.067208, SerializeSummary=0.016551, SerializeNames=0.524744, SerializeGatherableTextData=0.018872, BuildExportMap=0.331070, SortExportsNonSeekfree=0.243995, SortExportsSeekfreeConstructor=0.061579, SortExportsSeekfreeInner=13.341095, SortExportsSeekfree=0.005957, BuildDependencyMap=0.080783, SerializeImportMap=0.052642, SerializeExportMap=0.027478, SerializeDependencyMap=0.007614, SerializeStringAssetReferenceMap=0.001654, SaveThumbNailsAssetRegistryDataWorldLevelInfo=0.850517, SerializeExports=3.262356, SerializeBulkData=28.279264, MoveFile=21.576769, UnaccountedTime=0.182088, RunGuid=RunIDECA638CB4BF6F5D835F282AF4CFCF166
DDCTransactionIdDBD52D414ABF79E81D9BA6900BB54637_4, PutCachedData=, CacheKey=PhysX_1D9C17C451EA4FB88CB7A27536A65DB0_PhysXPC_2D06D3DB40BA454D9CF202BAD7314E93__1_0_13123_0, StartTime=2016.05.03-13.35.46, HierarchicalDDC=, DataSize=458, Duration=168.427780, RunGuid=RunIDECA638CB4BF6F5D835F282AF4CFCF166
SavePackageTransactionId4820FF27432288EF58FF1BAF7B7A9084_4, Filename=../../../../../../Users/STEM/Documents/Unreal Projects/CPPSpawnTest/Saved/Autosaves/Game/StarterContent/Maps/Minimal_Default_Auto1.umap, AutoPackageBackupDelegate=113.600754, FlushAsyncLoading=0.023175, FlushStreamingFunc=0.114549, BlockTillAllRequestsFinished=17.977055, ResetLoadersForSaveUnMarkAllObjects=1156.731445, TagPackageExports=1.793731, BeginCacheForCookedPlatformData=0.004966, SerializeImports=50.642986, GatherLocalizableTextData=31.495605, MarkNames=0.138383, SerializeSummary=20.290569, SerializeNames=35.673363, SerializeGatherableTextData=0.046350, BuildExportMap=35.269791, SortExportsNonSeekfree=0.533685, SortExportsSeekfreeConstructor=0.128787, SortExportsSeekfreeInner=96.016342, SortExportsSeekfree=0.009600, BuildDependencyMap=35.902462, SerializeImportMap=0.078462, SerializeExportMap=0.047345, SerializeDependencyMap=0.010595, SerializeStringAssetReferenceMap=0.419132, SaveThumbNailsAssetRegistryDataWorldLevelInfo=25.823065, SerializeExports=6.367784, SerializeBulkData=243.552673, MoveFile=30.348114, UnaccountedTime=0.287369, RunGuid=RunIDECA638CB4BF6F5D835F282AF4CFCF166
MaterialTransactionId605CBF604A86266A7D36F994BEF0F952_0, CacheKey=MATSM_4F0644619F9C48FF91E0D494C95EB050_PCD3D_SM5_5__BC5N_DEV_SL_NoDBuf_EARLYZ3733C4DD643C16B8C31AA3090AF151C5C_Num_SM5__2___TBasePassVSTDistanceFieldShadowsAndLightMapPolicyHQAtmosphericFog8B18AAF8F9198748E9489BA6EBEFA581D907D7CD2094224222222222222222222222224222222222222222222222222222222222222222222424444444440222222222222222222222244442222222222222222222222222222221240222224222222222222222222222222222222222222222222222222222222000044040000001400000014000000140000001400000014000000_TBasePassVSFCachedVolumeIndirectLightingPolicyAtmosphericFog8B18AAF8F9198748E9489BA6EBEFA581D907D7CD2094224222222222222222222222224222222222222222222222222222222222222222222424444444440222222222222222222222244442222222222222222222222222222221240222224222222222222222222222222222222222222222222222222222222000044040000001400000014000000140000001400000014000000_TShadowDepthVSForGSVertexShadowDepth_PerspectiveCorrecttrue4B45B91074D2CFA7ACE4DE03393192218069847A170422422222222222222222222222422222222222222222222222222222222222222222242444444444022222222222222222222224444222222222222222222222222222222124022222222222222222222020040440000001400000014000000140000001400000014000000_TBasePassVSFCachedPointIndirectLightingPolicyAtmosphericFog8B18AAF8F9198748E9489BA6EBEFA581D907D7CD2094224222222222222222222222224222222222222222222222222222222222222222222424444444440222222222222222222222244442222222222222222222222222222221240222224222222222222222222222222222222222222222222222222222222000044040000001400000014000000140000001400000014000000_TBasePassPSTDistanceFieldShadowsAndLightMapPolicyHQSkylight8B95D470BB4BF92A5C22A48B60B9DA18A2BE42522144224222222222222222222222224222222222222222222222222222222222222222222424444444440222222222222222222222244442222222222222222222222222222221240222224222222222222222222222222222222222222222222222222222222222202004044001400000014000000140000001400000014000000_TShadowDepthPSPixelShadowDepth_NonPerspectiveCorrecttrueCAB07D2D95B9FDBA4D93434B857B7D78E9EF61F717742242222222222222222222222242222222222222222222222222222222222222222224244444444402222222222222222222222444422222222222222222222222222222212402222222222222222222222222222000044040000001400000014000000140000001400000014000000_TShadowDepthVSVertexShadowDepth_PerspectiveCorrecttrue4B45B91074D2CFA7ACE4DE03393192218069847A170422422222222222222222222222422222222222222222222222222222222222222222242444444444022222222222222222222224444222222222222222222222222222222124022222222222222222222020040440000001400000014000000140000001400000014000000_TBasePassPSFCachedVolumeIndirectLightingPolicySkylight8B95D470BB4BF92A5C22A48B60B9DA18A2BE42522144224222222222222222222222224222222222222222222222222222222222222222222424444444440222222222222222222222244442222222222222222222222222222221240222224222222222222222222222222222222222222222222222222222222222202004044001400000014000000140000001400000014000000_TShadowDepthPSPixelShadowDepth_PerspectiveCorrecttrueCAB07D2D95B9FDBA4D93434B857B7D78E9EF61F717742242222222222222222222222242222222222222222222222222222222222222222224244444444402222222222222222222222444422222222222222222222222222222212402222222222222222222222222222000044040000001400000014000000140000001400000014000000_TBasePassVSFSimpleDynamicLightingPolicyAtmosphericFog8B18AAF8F9198748E9489BA6EBEFA581D907D7CD2094224222222222222222222222224222222222222222222222222222222222222222222424444444440222222222222222222222244442222222222222222222222222222221240222224222222222222222222222222222222222222222222222222222222000044040000001400000014000000140000001400000014000000_TBasePassPSFCachedPointIndirectLightingPolicySkylight8B95D470BB4BF92A5C22A48B60B9DA18A2BE42522144224222222222222222222222224222222222222222222222222222222222222222222424444444440222222222222222222222244442222222222222222222222222222221240222224222222222222222222222222222222222222222222222222222222222202004044001400000014000000140000001400000014000000_TShadowDepthVSForGSVertexShadowDepth_OutputDepthtrue4B45B91074D2CFA7ACE4DE03393192218069847A170422422222222222222222222222422222222222222222222222222222222222222222242444444444022222222222222222222224444222222222222222222222222222222124022222222222222222222020040440000001400000014000000140000001400000014000000_TShadowDepthPSPixelShadowDepth_OnePassPointLighttrueCAB07D2D95B9FDBA4D93434B857B7D78E9EF61F717742242222222222222222222222242222222222222222222222222222222222222222224244444444402222222222222222222222444422222222222222222222222222222212402222222222222222222222222222000044040000001400000014000000140000001400000014000000_TBasePassVSTDistanceFieldShadowsAndLightMapPolicyHQ8B18AAF8F9198748E9489BA6EBEFA581D907D7CD2094224222222222222222222222224222222222222222222222222222222222222222222424444444440222222222222222222222244442222222222222222222222222222221240222224222222222222222222222222222222222222222222222222222222000044040000001400000014000000140000001400000014000000_TBasePassPSTDistanceFieldShadowsAndLightMapPolicyHQ8B95D470BB4BF92A5C22A48B60B9DA18A2BE42522144224222222222222222222222224222222222222222222222222222222222222222222424444444440222222222222222222222244442222222222222222222222222222221240222224222222222222222222222222222222222222222222222222222222222202004044001400000014000000140000001400000014000000_TShadowDepthVSVertexShadowDepth_OutputDepthtrue4B45B91074D2CFA7ACE4DE03393192218069847A170422422222222222222222222222422222222222222222222222222222222222222222242444444444022222222222222222222224444222222222222222222222222222222124022222222222222222222020040440000001400000014000000140000001400000014000000_TBasePassPSFSimpleDynamicLightingPolicySkylight8B95D470BB4BF92A5C22A48B60B9DA18A2BE42522144224222222222222222222222224222222222222222222222222222222222222222222424444444440222222222222222222222244442222222222222222222222222222221240222224222222222222222222222222222222222222222222222222222222222202004044001400000014000000140000001400000014000000_TBasePassVSFCachedVolumeIndirectLightingPolicy8B18AAF8F9198748E9489BA6EBEFA581D907D7CD2094224222222222222222222222224222222222222222222222222222222222222222222424444444440222222222222222222222244442222222222222222222222222222221240222224222222222222222222222222222222222222222222222222222222000044040000001400000014000000140000001400000014000000_TBasePassPSFCachedVolumeIndirectLightingPolicy8B95D470BB4BF92A5C22A48B60B9DA18A2BE42522144224222222222222222222222224222222222222222222222222222222222222222222424444444440222222222222222222222244442222222222222222222222222222221240222224222222222222222222222222222222222222222222222222222222222202004044001400000014000000140000001400000014000000_TBasePassVSFCachedPointIndirectLightingPolicy8B18AAF8F9198748E9489BA6EBEFA581D907D7CD2094224222222222222222222222224222222222222222222222222222222222222222222424444444440222222222222222222222244442222222222222222222222222222221240222224222222222222222222222222222222222222222222222222222222000044040000001400000014000000140000001400000014000000_TBasePassPSFCachedPointIndirectLightingPolicy8B95D470BB4BF92A5C22A48B60B9DA18A2BE42522144224222222222222222222222224222222222222222222222222222222222222222222424444444440222222222222222222222244442222222222222222222222222222221240222224222222222222222222222222222222222222222222222222222222222202004044001400000014000000140000001400000014000000_TBasePassVSTLightMapPolicyLQAtmosphericFog8B18AAF8F9198748E9489BA6EBEFA581D907D7CD2094224222222222222222222222224222222222222222222222222222222222222222222424444444440222222222222222222222244442222222222222222222222222222221240222224222222222222222222222222222222222222222222222222222222000044040000001400000014000000140000001400000014000000_TBasePassVSTLightMapPolicyHQAtmosphericFog8B18AAF8F9198748E9489BA6EBEFA581D907D7CD2094224222222222222222222222224222222222222222222222222222222222222222222424444444440222222222222222222222244442222222222222222222222222222221240222224222222222222222222222222222222222222222222222222222222000044040000001400000014000000140000001400000014000000_TBasePassVSFNoLightMapPolicyAtmosphericFog8B18AAF8F9198748E9489BA6EBEFA581D907D7CD2094224222222222222222222222224222222222222222222222222222222222222222222424444444440222222222222222222222244442222222222222222222222222222221240222224222222222222222222222222222222222222222222222222222222000044040000001400000014000000140000001400000014000000_TBasePassVSFSimpleDynamicLightingPolicy8B18AAF8F9198748E9489BA6EBEFA581D907D7CD2094224222222222222222222222224222222222222222222222222222222222222222222424444444440222222222222222222222244442222222222222222222222222222221240222224222222222222222222222222222222222222222222222222222222000044040000001400000014000000140000001400000014000000_TBasePassPSFSimpleDynamicLightingPolicy8B95D470BB4BF92A5C22A48B60B9DA18A2BE42522144224222222222222222222222224222222222222222222222222222222222222222222424444444440222222222222222222222244442222222222222222222222222222221240222224222222222222222222222222222222222222222222222222222222222202004044001400000014000000140000001400000014000000_TBasePassPSTLightMapPolicyLQSkylight8B95D470BB4BF92A5C22A48B60B9DA18A2BE42522144224222222222222222222222224222222222222222222222222222222222222222222424444444440222222222222222222222244442222222222222222222222222222221240222224222222222222222222222222222222222222222222222222222222222202004044001400000014000000140000001400000014000000_TBasePassPSTLightMapPolicyHQSkylight8B95D470BB4BF92A5C22A48B60B9DA18A2BE42522144224222222222222222222222224222222222222222222222222222222222222222222424444444440222222222222222222222244442222222222222222222222222222221240222224222222222222222222222222222222222222222222222222222222222202004044001400000014000000140000001400000014000000_TBasePassPSFNoLightMapPolicySkylight8B95D470BB4BF92A5C22A48B60B9DA18A2BE42522144224222222222222222222222224222222222222222222222222222222222222222222424444444440222222222222222222222244442222222222222222222222222222221240222224222222222222222222222222222222222222222222222222222222222202004044001400000014000000140000001400000014000000_TBasePassVSTLightMapPolicyLQ8B18AAF8F9198748E9489BA6EBEFA581D907D7CD2094224222222222222222222222224222222222222222222222222222222222222222222424444444440222222222222222222222244442222222222222222222222222222221240222224222222222222222222222222222222222222222222222222222222000044040000001400000014000000140000001400000014000000_TBasePassVSTLightMapPolicyHQ8B18AAF8F9198748E9489BA6EBEFA581D907D7CD2094224222222222222222222222224222222222222222222222222222222222222222222424444444440222222222222222222222244442222222222222222222222222222221240222224222222222222222222222222222222222222222222222222222222000044040000001400000014000000140000001400000014000000_TBasePassVSFNoLightMapPolicy8B18AAF8F9198748E9489BA6EBEFA581D907D7CD2094224222222222222222222222224222222222222222222222222222222222222222222424444444440222222222222222222222244442222222222222222222222222222221240222224222222222222222222222222222222222222222222222222222222000044040000001400000014000000140000001400000014000000_TBasePassPSTLightMapPolicyLQ8B95D470BB4BF92A5C22A48B60B9DA18A2BE42522144224222222222222222222222224222222222222222222222222222222222222222222424444444440222222222222222222222244442222222222222222222222222222221240222224222222222222222222222222222222222222222222222222222222222202004044001400000014000000140000001400000014000000_TBasePassPSTLightMapPolicyHQ8B95D470BB4BF92A5C22A48B60B9DA18A2BE42522144224222222222222222222222224222222222222222222222222222222222222222222424444444440222222222222222222222244442222222222222222222222222222221240222224222222222222222222222222222222222222222222222222222222222202004044001400000014000000140000001400000014000000_TBasePassPSFNoLightMapPolicy8B95D470BB4BF92A5C22A48B60B9DA18A2BE42522144224222222222222222222222224222222222222222222222222222222222222222222424444444440222222222222222222222244442222222222222222222222222222221240222224222222222222222222222222222222222222222222222222222222222202004044001400000014000000140000001400000014000000_FEvaluateSurfelMaterialCS6258113C2EBBF117ED7778A8D1717F7C4F99C7B816742242222222222222222222222242222222222222222222222222222222222222222224244444444402222222222222222222222444422222222222222222222222222222222222222222222222222220000440414000000140000001400000014000000_FConvertToUniformMeshVSE7DF727A12438F2D529D6604B0B1C022849CCFEB152422422222222222222222222222422222222222222222222222222222222222222222242444444444022222222222222222222224444222222222222222222222222222222124022020040441400000014000000140000001400000014000000_FConvertToUniformMeshGSE7DF727A12438F2D529D6604B0B1C022849CCFEB152422422222222222222222222222422222222222222222222222222222222222222222242444444444022222222222222222222224444222222222222222222222222222222124022020040441400000014000000140000001400000014000000_TBasePassVSFNoLightMapPolicyAtmosphericFog8B18AAF8F9198748E9489BA6EBEFA581D907D7CD2094224222222222222222222222224222222222222222222222222222222222222222222424444444440222222222222222222222244442222222222222222222222222222221240222224222222222222222222222222222222222222222222222222222222000044040000001400000014000000140000001400000014000000_TBasePassVSFNoLightMapPolicy8B18AAF8F9198748E9489BA6EBEFA581D907D7CD2094224222222222222222222222224222222222222222222222222222222222222222222424444444440222222222222222222222244442222222222222222222222222222221240222224222222222222222222222222222222222222222222222222222222000044040000001400000014000000140000001400000014000000_TBasePassPSFNoLightMapPolicy8B95D470BB4BF92A5C22A48B60B9DA18A2BE42522144224222222222222222222222224222222222222222222222222222222222222222222424444444440222222222222222222222244442222222222222222222222222222221240222224222222222222222222222222222222222222222222222222222222222202004044001400000014000000140000001400000014000000_FLocalVertexFactory5897CEF715AB93237703E35F9ABEBB43E8E477D342242000000000_FLocalVertexFactory5897CEF715AB93237703E35F9ABEBB43E8E477D3422420000000006400004040404040404040404043434344444343434340404040404040404040434343404040404404040404040404040404040434343444443434343404040404040404040404343434040401610101010100042424444444444444442414141434141414141313141414144434144404444444444444441414141414141414143414341414141414141414141413131444441424144444441410101000444341434141414144444443434143444444440444444444444444444444444444444444444444444444444444444444444444444444444440401010101010101010101010101010101010101010101010121044343434344414444444444444444010101010101010101010101010130143414342414141424441413033131314144444444004444443432121414141414141414141414140223414141414141414141250000001000000010000000100000001000000010000000100000001000000010000000100000001000000010000000100000001000000010000000100000001000000010000000100000001000000010000000100000001000000010000000100000001000000025000000100000001000000010000000100000001000000010000000100000001000000010000000100000001000000010000000100000001000000010000000100000001000000010000000100000001000000010000000100000001000000010000000100000000800000008000000080000000800000008000000080000004900000010000000090000000800000010000000100000001000000026000000180000000900000009000000090000000900000009000000090000000900000009000000090000000900000009000000090000000900000009000000090000000900000009000000090000000800000008000000080000000800000008000000080000001C00000009000000090000000900000009000000090000000900000009000000080000000800000008000000080000000800000008000000080000000D0000000800000013000000100000000A000000DA39A3EE5E6B4B0D3255BFEF95601890AFD807090000000000000000000000000000000000000000, ShaderCompilation=3466.736084, RunGuid=RunIDECA638CB4BF6F5D835F282AF4CFCF166
MaterialTransactionId605CBF604A86266A7D36F994BEF0F952_1, CacheKey=MATSM_4F0644619F9C48FF91E0D494C95EB050_PCD3D_SM5_5__BC5N_DEV_SL_NoDBuf_EARLYZ3733C4DD643C16B8C31AA3090AF151C5C_Num_SM5__1___TBasePassVSTDistanceFieldShadowsAndLightMapPolicyHQAtmosphericFog8B18AAF8F9198748E9489BA6EBEFA581D907D7CD2094224222222222222222222222224222222222222222222222222222222222222222222424444444440222222222222222222222244442222222222222222222222222222221240222224222222222222222222222222222222222222222222222222222222000044040000001400000014000000140000001400000014000000_TBasePassVSFCachedVolumeIndirectLightingPolicyAtmosphericFog8B18AAF8F9198748E9489BA6EBEFA581D907D7CD2094224222222222222222222222224222222222222222222222222222222222222222222424444444440222222222222222222222244442222222222222222222222222222221240222224222222222222222222222222222222222222222222222222222222000044040000001400000014000000140000001400000014000000_TShadowDepthVSForGSVertexShadowDepth_PerspectiveCorrecttrue4B45B91074D2CFA7ACE4DE03393192218069847A170422422222222222222222222222422222222222222222222222222222222222222222242444444444022222222222222222222224444222222222222222222222222222222124022222222222222222222020040440000001400000014000000140000001400000014000000_TBasePassVSFCachedPointIndirectLightingPolicyAtmosphericFog8B18AAF8F9198748E9489BA6EBEFA581D907D7CD2094224222222222222222222222224222222222222222222222222222222222222222222424444444440222222222222222222222244442222222222222222222222222222221240222224222222222222222222222222222222222222222222222222222222000044040000001400000014000000140000001400000014000000_TBasePassPSTDistanceFieldShadowsAndLightMapPolicyHQSkylight8B95D470BB4BF92A5C22A48B60B9DA18A2BE42522144224222222222222222222222224222222222222222222222222222222222222222222424444444440222222222222222222222244442222222222222222222222222222221240222224222222222222222222222222222222222222222222222222222222222202004044001400000014000000140000001400000014000000_TShadowDepthPSPixelShadowDepth_NonPerspectiveCorrecttrueCAB07D2D95B9FDBA4D93434B857B7D78E9EF61F717742242222222222222222222222242222222222222222222222222222222222222222224244444444402222222222222222222222444422222222222222222222222222222212402222222222222222222222222222000044040000001400000014000000140000001400000014000000_TShadowDepthVSVertexShadowDepth_PerspectiveCorrecttrue4B45B91074D2CFA7ACE4DE03393192218069847A170422422222222222222222222222422222222222222222222222222222222222222222242444444444022222222222222222222224444222222222222222222222222222222124022222222222222222222020040440000001400000014000000140000001400000014000000_TBasePassPSFCachedVolumeIndirectLightingPolicySkylight8B95D470BB4BF92A5C22A48B60B9DA18A2BE42522144224222222222222222222222224222222222222222222222222222222222222222222424444444440222222222222222222222244442222222222222222222222222222221240222224222222222222222222222222222222222222222222222222222222222202004044001400000014000000140000001400000014000000_TShadowDepthPSPixelShadowDepth_PerspectiveCorrecttrueCAB07D2D95B9FDBA4D93434B857B7D78E9EF61F717742242222222222222222222222242222222222222222222222222222222222222222224244444444402222222222222222222222444422222222222222222222222222222212402222222222222222222222222222000044040000001400000014000000140000001400000014000000_TBasePassVSFSimpleDynamicLightingPolicyAtmosphericFog8B18AAF8F9198748E9489BA6EBEFA581D907D7CD2094224222222222222222222222224222222222222222222222222222222222222222222424444444440222222222222222222222244442222222222222222222222222222221240222224222222222222222222222222222222222222222222222222222222000044040000001400000014000000140000001400000014000000_TBasePassPSFCachedPointIndirectLightingPolicySkylight8B95D470BB4BF92A5C22A48B60B9DA18A2BE42522144224222222222222222222222224222222222222222222222222222222222222222222424444444440222222222222222222222244442222222222222222222222222222221240222224222222222222222222222222222222222222222222222222222222222202004044001400000014000000140000001400000014000000_TShadowDepthVSForGSVertexShadowDepth_OutputDepthtrue4B45B91074D2CFA7ACE4DE03393192218069847A170422422222222222222222222222422222222222222222222222222222222222222222242444444444022222222222222222222224444222222222222222222222222222222124022222222222222222222020040440000001400000014000000140000001400000014000000_TShadowDepthPSPixelShadowDepth_OnePassPointLighttrueCAB07D2D95B9FDBA4D93434B857B7D78E9EF61F717742242222222222222222222222242222222222222222222222222222222222222222224244444444402222222222222222222222444422222222222222222222222222222212402222222222222222222222222222000044040000001400000014000000140000001400000014000000_TBasePassVSTDistanceFieldShadowsAndLightMapPolicyHQ8B18AAF8F9198748E9489BA6EBEFA581D907D7CD2094224222222222222222222222224222222222222222222222222222222222222222222424444444440222222222222222222222244442222222222222222222222222222221240222224222222222222222222222222222222222222222222222222222222000044040000001400000014000000140000001400000014000000_TBasePassPSTDistanceFieldShadowsAndLightMapPolicyHQ8B95D470BB4BF92A5C22A48B60B9DA18A2BE42522144224222222222222222222222224222222222222222222222222222222222222222222424444444440222222222222222222222244442222222222222222222222222222221240222224222222222222222222222222222222222222222222222222222222222202004044001400000014000000140000001400000014000000_TShadowDepthVSVertexShadowDepth_OutputDepthtrue4B45B91074D2CFA7ACE4DE03393192218069847A170422422222222222222222222222422222222222222222222222222222222222222222242444444444022222222222222222222224444222222222222222222222222222222124022222222222222222222020040440000001400000014000000140000001400000014000000_TBasePassPSFSimpleDynamicLightingPolicySkylight8B95D470BB4BF92A5C22A48B60B9DA18A2BE42522144224222222222222222222222224222222222222222222222222222222222222222222424444444440222222222222222222222244442222222222222222222222222222221240222224222222222222222222222222222222222222222222222222222222222202004044001400000014000000140000001400000014000000_TBasePassVSFCachedVolumeIndirectLightingPolicy8B18AAF8F9198748E9489BA6EBEFA581D907D7CD2094224222222222222222222222224222222222222222222222222222222222222222222424444444440222222222222222222222244442222222222222222222222222222221240222224222222222222222222222222222222222222222222222222222222000044040000001400000014000000140000001400000014000000_TBasePassPSFCachedVolumeIndirectLightingPolicy8B95D470BB4BF92A5C22A48B60B9DA18A2BE42522144224222222222222222222222224222222222222222222222222222222222222222222424444444440222222222222222222222244442222222222222222222222222222221240222224222222222222222222222222222222222222222222222222222222222202004044001400000014000000140000001400000014000000_TBasePassVSFCachedPointIndirectLightingPolicy8B18AAF8F9198748E9489BA6EBEFA581D907D7CD2094224222222222222222222222224222222222222222222222222222222222222222222424444444440222222222222222222222244442222222222222222222222222222221240222224222222222222222222222222222222222222222222222222222222000044040000001400000014000000140000001400000014000000_TBasePassPSFCachedPointIndirectLightingPolicy8B95D470BB4BF92A5C22A48B60B9DA18A2BE42522144224222222222222222222222224222222222222222222222222222222222222222222424444444440222222222222222222222244442222222222222222222222222222221240222224222222222222222222222222222222222222222222222222222222222202004044001400000014000000140000001400000014000000_TBasePassVSTLightMapPolicyLQAtmosphericFog8B18AAF8F9198748E9489BA6EBEFA581D907D7CD2094224222222222222222222222224222222222222222222222222222222222222222222424444444440222222222222222222222244442222222222222222222222222222221240222224222222222222222222222222222222222222222222222222222222000044040000001400000014000000140000001400000014000000_TBasePassVSTLightMapPolicyHQAtmosphericFog8B18AAF8F9198748E9489BA6EBEFA581D907D7CD2094224222222222222222222222224222222222222222222222222222222222222222222424444444440222222222222222222222244442222222222222222222222222222221240222224222222222222222222222222222222222222222222222222222222000044040000001400000014000000140000001400000014000000_TBasePassVSFNoLightMapPolicyAtmosphericFog8B18AAF8F9198748E9489BA6EBEFA581D907D7CD2094224222222222222222222222224222222222222222222222222222222222222222222424444444440222222222222222222222244442222222222222222222222222222221240222224222222222222222222222222222222222222222222222222222222000044040000001400000014000000140000001400000014000000_TBasePassVSFSimpleDynamicLightingPolicy8B18AAF8F9198748E9489BA6EBEFA581D907D7CD2094224222222222222222222222224222222222222222222222222222222222222222222424444444440222222222222222222222244442222222222222222222222222222221240222224222222222222222222222222222222222222222222222222222222000044040000001400000014000000140000001400000014000000_TBasePassPSFSimpleDynamicLightingPolicy8B95D470BB4BF92A5C22A48B60B9DA18A2BE42522144224222222222222222222222224222222222222222222222222222222222222222222424444444440222222222222222222222244442222222222222222222222222222221240222224222222222222222222222222222222222222222222222222222222222202004044001400000014000000140000001400000014000000_TBasePassPSTLightMapPolicyLQSkylight8B95D470BB4BF92A5C22A48B60B9DA18A2BE42522144224222222222222222222222224222222222222222222222222222222222222222222424444444440222222222222222222222244442222222222222222222222222222221240222224222222222222222222222222222222222222222222222222222222222202004044001400000014000000140000001400000014000000_TBasePassPSTLightMapPolicyHQSkylight8B95D470BB4BF92A5C22A48B60B9DA18A2BE42522144224222222222222222222222224222222222222222222222222222222222222222222424444444440222222222222222222222244442222222222222222222222222222221240222224222222222222222222222222222222222222222222222222222222222202004044001400000014000000140000001400000014000000_TBasePassPSFNoLightMapPolicySkylight8B95D470BB4BF92A5C22A48B60B9DA18A2BE42522144224222222222222222222222224222222222222222222222222222222222222222222424444444440222222222222222222222244442222222222222222222222222222221240222224222222222222222222222222222222222222222222222222222222222202004044001400000014000000140000001400000014000000_TBasePassVSTLightMapPolicyLQ8B18AAF8F9198748E9489BA6EBEFA581D907D7CD2094224222222222222222222222224222222222222222222222222222222222222222222424444444440222222222222222222222244442222222222222222222222222222221240222224222222222222222222222222222222222222222222222222222222000044040000001400000014000000140000001400000014000000_TBasePassVSTLightMapPolicyHQ8B18AAF8F9198748E9489BA6EBEFA581D907D7CD2094224222222222222222222222224222222222222222222222222222222222222222222424444444440222222222222222222222244442222222222222222222222222222221240222224222222222222222222222222222222222222222222222222222222000044040000001400000014000000140000001400000014000000_TBasePassVSFNoLightMapPolicy8B18AAF8F9198748E9489BA6EBEFA581D907D7CD2094224222222222222222222222224222222222222222222222222222222222222222222424444444440222222222222222222222244442222222222222222222222222222221240222224222222222222222222222222222222222222222222222222222222000044040000001400000014000000140000001400000014000000_TBasePassPSTLightMapPolicyLQ8B95D470BB4BF92A5C22A48B60B9DA18A2BE42522144224222222222222222222222224222222222222222222222222222222222222222222424444444440222222222222222222222244442222222222222222222222222222221240222224222222222222222222222222222222222222222222222222222222222202004044001400000014000000140000001400000014000000_TBasePassPSTLightMapPolicyHQ8B95D470BB4BF92A5C22A48B60B9DA18A2BE42522144224222222222222222222222224222222222222222222222222222222222222222222424444444440222222222222222222222244442222222222222222222222222222221240222224222222222222222222222222222222222222222222222222222222222202004044001400000014000000140000001400000014000000_TBasePassPSFNoLightMapPolicy8B95D470BB4BF92A5C22A48B60B9DA18A2BE42522144224222222222222222222222224222222222222222222222222222222222222222222424444444440222222222222222222222244442222222222222222222222222222221240222224222222222222222222222222222222222222222222222222222222222202004044001400000014000000140000001400000014000000_FEvaluateSurfelMaterialCS6258113C2EBBF117ED7778A8D1717F7C4F99C7B816742242222222222222222222222242222222222222222222222222222222222222222224244444444402222222222222222222222444422222222222222222222222222222222222222222222222222220000440414000000140000001400000014000000_FConvertToUniformMeshVSE7DF727A12438F2D529D6604B0B1C022849CCFEB152422422222222222222222222222422222222222222222222222222222222222222222242444444444022222222222222222222224444222222222222222222222222222222124022020040441400000014000000140000001400000014000000_FConvertToUniformMeshGSE7DF727A12438F2D529D6604B0B1C022849CCFEB152422422222222222222222222222422222222222222222222222222222222222222222242444444444022222222222222222222224444222222222222222222222222222222124022020040441400000014000000140000001400000014000000_TBasePassVSFNoLightMapPolicyAtmosphericFog8B18AAF8F9198748E9489BA6EBEFA581D907D7CD2094224222222222222222222222224222222222222222222222222222222222222222222424444444440222222222222222222222244442222222222222222222222222222221240222224222222222222222222222222222222222222222222222222222222000044040000001400000014000000140000001400000014000000_TBasePassVSFNoLightMapPolicy8B18AAF8F9198748E9489BA6EBEFA581D907D7CD2094224222222222222222222222224222222222222222222222222222222222222222222424444444440222222222222222222222244442222222222222222222222222222221240222224222222222222222222222222222222222222222222222222222222000044040000001400000014000000140000001400000014000000_TBasePassPSFNoLightMapPolicy8B95D470BB4BF92A5C22A48B60B9DA18A2BE42522144224222222222222222222222224222222222222222222222222222222222222222222424444444440222222222222222222222244442222222222222222222222222222221240222224222222222222222222222222222222222222222222222222222222222202004044001400000014000000140000001400000014000000_FLocalVertexFactory5897CEF715AB93237703E35F9ABEBB43E8E477D342242000000000_FLocalVertexFactory5897CEF715AB93237703E35F9ABEBB43E8E477D3422420000000006400004040404040404040404043434344444343434340404040404040404040434343404040404404040404040404040404040434343444443434343404040404040404040404343434040401610101010100042424444444444444442414141434141414141313141414144434144404444444444444441414141414141414143414341414141414141414141413131444441424144444441410101000444341434141414144444443434143444444440444444444444444444444444444444444444444444444444444444444444444444444444440401010101010101010101010101010101010101010101010121044343434344414444444444444444010101010101010101010101010130143414342414141424441413033131314144444444004444443432121414141414141414141414140223414141414141414141250000001000000010000000100000001000000010000000100000001000000010000000100000001000000010000000100000001000000010000000100000001000000010000000100000001000000010000000100000001000000010000000100000001000000025000000100000001000000010000000100000001000000010000000100000001000000010000000100000001000000010000000100000001000000010000000100000001000000010000000100000001000000010000000100000001000000010000000100000000800000008000000080000000800000008000000080000004900000010000000090000000800000010000000100000001000000026000000180000000900000009000000090000000900000009000000090000000900000009000000090000000900000009000000090000000900000009000000090000000900000009000000090000000800000008000000080000000800000008000000080000001C00000009000000090000000900000009000000090000000900000009000000080000000800000008000000080000000800000008000000080000000D0000000800000013000000100000000A000000DA39A3EE5E6B4B0D3255BFEF95601890AFD807090000000000000000000000000000000000000000, ShaderCompilation=3343.547363, RunGuid=RunIDECA638CB4BF6F5D835F282AF4CFCF166
DDCTransactionIdDBD52D414ABF79E81D9BA6900BB54637_5, PutCachedData=, CacheKey=MATSM_4F0644619F9C48FF91E0D494C95EB050_PCD3D_SM5_5__BC5N_DEV_SL_NoDBuf_EARLYZ3__CE84417474DBA2BE62D9919C35AC2547F55C3853, StartTime=2016.05.03-13.36.25, HierarchicalDDC=, DataSize=26707, Duration=106.122231, RunGuid=RunIDECA638CB4BF6F5D835F282AF4CFCF166
DDCTransactionIdD6768848493A87104F6274BE8E120F4B_3, PutCachedData=, CacheKey=MATSM_4F0644619F9C48FF91E0D494C95EB050_PCD3D_SM5_5__BC5N_DEV_SL_NoDBuf_EARLYZ3__AC94EC571EF228DD4178A3CB7FA8C9330C8449D2, StartTime=2016.05.03-13.36.25, HierarchicalDDC=, DataSize=26920, Duration=102.677124, RunGuid=RunIDECA638CB4BF6F5D835F282AF4CFCF166
DDCTransactionIdBB475F7743BA15B9BF9925B936BA166E_0, BuildTexture=, CacheKey=TEXTURE_814DCC3DC72143F49509781513CB9855_AutoDXT_716A1B0D47CCCA7EE1A759883BFC59EA_07_0000803F0000803F0000803F000000000000803F00000000000000000000803F0000000000000000020000000E000000000000000101000000040000803FFFFFFFFF00000000FF00FF00FFFF8180803B, StartTime=2016.05.03-13.36.40, Duration=306.861053, RunGuid=RunIDECA638CB4BF6F5D835F282AF4CFCF166
DDCTransactionId2529D9AE4AB0D1138059E8B5984C7F17_0, BuildTexture=, CacheKey=TEXTURE_814DCC3DC72143F49509781513CB9855_AutoDXT_ACA70B2C46D752E158226E8553F3569B_07_0000803F0000803F0000803F000000000000803F00000000000000000000803F0000000000000000020000000E000000000000000101000000040000803FFFFFFFFF00000000FF00FF00FFFF8180803B, StartTime=2016.05.03-13.36.40, Duration=175.864929, RunGuid=RunIDECA638CB4BF6F5D835F282AF4CFCF166
DDCTransactionId7953E55C4D154E68C53A799F903EBC87_8, PutCachedData=, CacheKey=TEXTURE_814DCC3DC72143F49509781513CB9855_AutoDXT_ACA70B2C46D752E158226E8553F35__C2FC9969F71B36D56A0CA3557A31DDFA788D5C69, StartTime=2016.05.03-13.36.40, HierarchicalDDC=, DataSize=131335, Duration=86.074005, RunGuid=RunIDECA638CB4BF6F5D835F282AF4CFCF166
DDCTransactionIdD6768848493A87104F6274BE8E120F4B_4, PutCachedData=, CacheKey=TEXTURE_814DCC3DC72143F49509781513CB9855_AutoDXT_ACA70B2C46D752E158226E8553F35__F5618D7D9234E59BC4A93DF9C4BAF44BA7B94EC3, StartTime=2016.05.03-13.36.40, HierarchicalDDC=, DataSize=8454, Duration=4.728660, RunGuid=RunIDECA638CB4BF6F5D835F282AF4CFCF166
DDCTransactionIdDBD52D414ABF79E81D9BA6900BB54637_6, PutCachedData=, CacheKey=TEXTURE_814DCC3DC72143F49509781513CB9855_AutoDXT_ACA70B2C46D752E158226E8553F35__11F4F79FA367E40FDCED46BA55F4C112FC9C55D7, StartTime=2016.05.03-13.36.40, HierarchicalDDC=, DataSize=33031, Duration=38.770847, RunGuid=RunIDECA638CB4BF6F5D835F282AF4CFCF166
DDCTransactionIdD6768848493A87104F6274BE8E120F4B_5, PutCachedData=, CacheKey=TEXTURE_814DCC3DC72143F49509781513CB9855_AutoDXT_ACA70B2C46D752E158226E8553F35__6EEDA2844AB851342DFCCE2C9224BE9400DA9298, StartTime=2016.05.03-13.36.40, HierarchicalDDC=, DataSize=4178, Duration=39.924953, RunGuid=RunIDECA638CB4BF6F5D835F282AF4CFCF166
DDCTransactionIdDBD52D414ABF79E81D9BA6900BB54637_7, PutCachedData=, CacheKey=TEXTURE_814DCC3DC72143F49509781513CB9855_AutoDXT_716A1B0D47CCCA7EE1A759883BFC5__FB779BF652633D1D34258E3BC992489320444863, StartTime=2016.05.03-13.36.40, HierarchicalDDC=, DataSize=262407, Duration=69.982056, RunGuid=RunIDECA638CB4BF6F5D835F282AF4CFCF166
DDCTransactionIdBB475F7743BA15B9BF9925B936BA166E_1, BuildTexture=, CacheKey=TEXTURE_814DCC3DC72143F49509781513CB9855_AutoDXT_AA540B7846D76FF5D6A3399F48F43CAE_07_0000803F0000803F0000803F000000000000803F00000000000000000000803F0000000000000000020000000E000000000000000101000000040000803FFFFFFFFF00000000FF00FF00FFFF8180803B, StartTime=2016.05.03-13.36.40, Duration=109.276657, RunGuid=RunIDECA638CB4BF6F5D835F282AF4CFCF166
DDCTransactionId7953E55C4D154E68C53A799F903EBC87_9, PutCachedData=, CacheKey=TEXTURE_814DCC3DC72143F49509781513CB9855_AutoDXT_716A1B0D47CCCA7EE1A759883BFC5__60AC8C879F098CF9CC589624ED90BC56043796AE, StartTime=2016.05.03-13.36.41, HierarchicalDDC=, DataSize=65799, Duration=168.530090, RunGuid=RunIDECA638CB4BF6F5D835F282AF4CFCF166
DDCTransactionIdD6768848493A87104F6274BE8E120F4B_6, PutCachedData=, CacheKey=TEXTURE_814DCC3DC72143F49509781513CB9855_AutoDXT_716A1B0D47CCCA7EE1A759883BFC5__A04E645C2DF36A46CA263CAC3B4D3D3A2328EFA5, StartTime=2016.05.03-13.36.41, HierarchicalDDC=, DataSize=16647, Duration=4.179749, RunGuid=RunIDECA638CB4BF6F5D835F282AF4CFCF166
DDCTransactionIdD6768848493A87104F6274BE8E120F4B_7, PutCachedData=, CacheKey=TEXTURE_814DCC3DC72143F49509781513CB9855_AutoDXT_716A1B0D47CCCA7EE1A759883BFC5__C11ABE4B65C5D043822A389F5ACDD3A615AD9A20, StartTime=2016.05.03-13.36.41, HierarchicalDDC=, DataSize=6899, Duration=30.188541, RunGuid=RunIDECA638CB4BF6F5D835F282AF4CFCF166
DDCTransactionId2529D9AE4AB0D1138059E8B5984C7F17_1, BuildTexture=, CacheKey=TEXTURE_814DCC3DC72143F49509781513CB9855_DXT1_AD09520048B53AB2EFE74DA939E8599E_07_0000803F0000803F0000803F000000000000803F00000000000000000000803F0000000000000000020000000E000000000000000101000000040000803FFFFFFFFF00000000FF00FF00FFFF8180803B, StartTime=2016.05.03-13.36.41, Duration=98.214645, RunGuid=RunIDECA638CB4BF6F5D835F282AF4CFCF166
DDCTransactionIdD6768848493A87104F6274BE8E120F4B_8, PutCachedData=, CacheKey=TEXTURE_814DCC3DC72143F49509781513CB9855_AutoDXT_AA540B7846D76FF5D6A3399F48F43__7D2535DE377FCD8B67CD16DCD78528852F4C39E1, StartTime=2016.05.03-13.36.41, HierarchicalDDC=, DataSize=3294, Duration=52.279461, RunGuid=RunIDECA638CB4BF6F5D835F282AF4CFCF166
DDCTransactionIdBB475F7743BA15B9BF9925B936BA166E_2, BuildTexture=, CacheKey=TEXTURE_814DCC3DC72143F49509781513CB9855_AutoDXT_8D0D65D44036E289D7E76EBCDE985BD9_07_0000803F0000803F0000803F000000000000803F00000000000000000000803F0000000000000000020000000E000000000000000101000000040000803FFFFFFFFF00000000FF00FF00FFFF8180803B, StartTime=2016.05.03-13.36.41, Duration=5.222287, RunGuid=RunIDECA638CB4BF6F5D835F282AF4CFCF166
DDCTransactionIdDBD52D414ABF79E81D9BA6900BB54637_8, PutCachedData=, CacheKey=TEXTURE_814DCC3DC72143F49509781513CB9855_AutoDXT_8D0D65D44036E289D7E76EBCDE985__5F35F6CB8ECD491AC3C2E61D8780AD8413E7861C, StartTime=2016.05.03-13.36.41, HierarchicalDDC=, DataSize=6014, Duration=4.272778, RunGuid=RunIDECA638CB4BF6F5D835F282AF4CFCF166
DDCTransactionIdBB475F7743BA15B9BF9925B936BA166E_3, BuildTexture=, CacheKey=TEXTURE_814DCC3DC72143F49509781513CB9855_DXT1_05152F3B40D69E58B8F349918326969D_07_0000803F0000803F0000803F000000000000803F00000000000000000000803F0000000000000000020000000E000000000000000101000000040000803FFFFFFFFF00000000FF00FF00FFFF8180803B, StartTime=2016.05.03-13.36.41, Duration=4.185379, RunGuid=RunIDECA638CB4BF6F5D835F282AF4CFCF166
DDCTransactionIdDBD52D414ABF79E81D9BA6900BB54637_9, PutCachedData=, CacheKey=TEXTURE_814DCC3DC72143F49509781513CB9855_DXT1_05152F3B40D69E58B8F349918326969D__7DD1A292AF305A26FE22BDA45A9234E8F3382F16, StartTime=2016.05.03-13.36.41, HierarchicalDDC=, DataSize=3267, Duration=7.138182, RunGuid=RunIDECA638CB4BF6F5D835F282AF4CFCF166
DDCTransactionIdDBD52D414ABF79E81D9BA6900BB54637_10, PutCachedData=, CacheKey=TEXTURE_814DCC3DC72143F49509781513CB9855_DXT1_AD09520048B53AB2EFE74DA939E8599E__4F26998D2D1897D261F2372B56BCA88A767CE20C, StartTime=2016.05.03-13.36.41, HierarchicalDDC=, DataSize=131332, Duration=5.565938, RunGuid=RunIDECA638CB4BF6F5D835F282AF4CFCF166
DDCTransactionIdDBD52D414ABF79E81D9BA6900BB54637_11, PutCachedData=, CacheKey=TEXTURE_814DCC3DC72143F49509781513CB9855_DXT1_AD09520048B53AB2EFE74DA939E8599E__016D97DC9557F57483B38F435281D70466355F31, StartTime=2016.05.03-13.36.41, HierarchicalDDC=, DataSize=33028, Duration=4.297942, RunGuid=RunIDECA638CB4BF6F5D835F282AF4CFCF166
DDCTransactionIdDBD52D414ABF79E81D9BA6900BB54637_12, PutCachedData=, CacheKey=TEXTURE_814DCC3DC72143F49509781513CB9855_DXT1_AD09520048B53AB2EFE74DA939E8599E__CE8DCF1FB3256849D2558DBF00151B0ED0556966, StartTime=2016.05.03-13.36.41, HierarchicalDDC=, DataSize=8452, Duration=181.249771, RunGuid=RunIDECA638CB4BF6F5D835F282AF4CFCF166
DDCTransactionIdD6768848493A87104F6274BE8E120F4B_9, PutCachedData=, CacheKey=TEXTURE_814DCC3DC72143F49509781513CB9855_DXT1_AD09520048B53AB2EFE74DA939E8599E__DE00B898C0AB01A5C1D1705439D58B75F764B7DB, StartTime=2016.05.03-13.36.41, HierarchicalDDC=, DataSize=4143, Duration=127.304367, RunGuid=RunIDECA638CB4BF6F5D835F282AF4CFCF166
DDCTransactionIdBB475F7743BA15B9BF9925B936BA166E_4, BuildTexture=, CacheKey=TEXTURE_814DCC3DC72143F49509781513CB9855_G8_07B7093B4FE3ECEF06DEE8B6B45F26F4_07_0000803F0000803F0000803F000000000000803F00000000000000000000803F0000000000000000020000000E000000000000000101000000040000803FFFFFFFFF00000000FF00FF00FFFF8180803B, StartTime=2016.05.03-13.36.41, Duration=9.703636, RunGuid=RunIDECA638CB4BF6F5D835F282AF4CFCF166
DDCTransactionId7953E55C4D154E68C53A799F903EBC87_10, PutCachedData=, CacheKey=TEXTURE_814DCC3DC72143F49509781513CB9855_G8_07B7093B4FE3ECEF06DEE8B6B45F26F4_0__552B8A07A5F78DE969EDC91781B066F6D5671D43, StartTime=2016.05.03-13.36.41, HierarchicalDDC=, DataSize=131330, Duration=242.726990, RunGuid=RunIDECA638CB4BF6F5D835F282AF4CFCF166
DDCTransactionIdD6768848493A87104F6274BE8E120F4B_10, PutCachedData=, CacheKey=TEXTURE_814DCC3DC72143F49509781513CB9855_G8_07B7093B4FE3ECEF06DEE8B6B45F26F4_0__42EA4E78145E91251A7A9D5CB3EB9A2D6A06A04A, StartTime=2016.05.03-13.36.41, HierarchicalDDC=, DataSize=33026, Duration=65.980759, RunGuid=RunIDECA638CB4BF6F5D835F282AF4CFCF166
DDCTransactionIdDBD52D414ABF79E81D9BA6900BB54637_13, PutCachedData=, CacheKey=TEXTURE_814DCC3DC72143F49509781513CB9855_G8_07B7093B4FE3ECEF06DEE8B6B45F26F4_0__D30D4240C1DD046F3068126E7F803E6A451B89C1, StartTime=2016.05.03-13.36.41, HierarchicalDDC=, DataSize=8449, Duration=8.435640, RunGuid=RunIDECA638CB4BF6F5D835F282AF4CFCF166
DDCTransactionIdDBD52D414ABF79E81D9BA6900BB54637_14, PutCachedData=, CacheKey=TEXTURE_814DCC3DC72143F49509781513CB9855_G8_07B7093B4FE3ECEF06DEE8B6B45F26F4_0__00C444BB591BD3EC33BCA2720D699F7DD253AEDD, StartTime=2016.05.03-13.36.41, HierarchicalDDC=, DataSize=4119, Duration=41.996784, RunGuid=RunIDECA638CB4BF6F5D835F282AF4CFCF166
DDCTransactionId2529D9AE4AB0D1138059E8B5984C7F17_2, BuildTexture=, CacheKey=TEXTURE_814DCC3DC72143F49509781513CB9855_G8_4F912933408F0F474A30BC8542959985_07_0000803F0000803F0000803F000000000000803F00000000000000000000803F0000000000000000020000000E000000000000000101000000040000803FFFFFFFFF00000000FF00FF00FFFF8180803B, StartTime=2016.05.03-13.36.41, Duration=0.363182, RunGuid=RunIDECA638CB4BF6F5D835F282AF4CFCF166
DDCTransactionIdDBD52D414ABF79E81D9BA6900BB54637_15, PutCachedData=, CacheKey=TEXTURE_814DCC3DC72143F49509781513CB9855_G8_4F912933408F0F474A30BC8542959985_0__4FB9D85946558051BF97D48AA4AF81E4A3AC06B0, StartTime=2016.05.03-13.36.41, HierarchicalDDC=, DataSize=3250, Duration=15.775774, RunGuid=RunIDECA638CB4BF6F5D835F282AF4CFCF166
SavePackageTransactionId4820FF27432288EF58FF1BAF7B7A9084_5, Filename=../../../../../../Users/STEM/Documents/Unreal Projects/CPPSpawnTest/Content/StarterContent/Maps/Minimal_Default.umap, AutoPackageBackupDelegate=6.245289, FlushAsyncLoading=0.015892, FlushStreamingFunc=0.056945, BlockTillAllRequestsFinished=0.007946, ResetLoadersForSaveUnMarkAllObjects=31.834286, TagPackageExports=1.121331, BeginCacheForCookedPlatformData=0.003312, SerializeImports=2.081763, GatherLocalizableTextData=7.895998, MarkNames=0.081111, SerializeSummary=0.016224, SerializeNames=0.432044, SerializeGatherableTextData=0.018541, BuildExportMap=0.409532, SortExportsNonSeekfree=0.320144, SortExportsSeekfreeConstructor=0.074491, SortExportsSeekfreeInner=41.132690, SortExportsSeekfree=0.006624, BuildDependencyMap=0.090048, SerializeImportMap=0.053965, SerializeExportMap=0.029463, SerializeDependencyMap=0.007283, SerializeStringAssetReferenceMap=0.001986, SaveThumbNailsAssetRegistryDataWorldLevelInfo=0.904813, SerializeExports=3.424250, SerializeBulkData=46.049068, MoveFile=4.085064, UnaccountedTime=3.002796, RunGuid=RunIDECA638CB4BF6F5D835F282AF4CFCF166
DDCTransactionIdDBD52D414ABF79E81D9BA6900BB54637_16, PutCachedData=, CacheKey=REFL_FULL_0C6693969CB849AE9F4120FF5812F4D2_02CBD95F4F31AB62E1AD56B9459DEC67, StartTime=2016.05.03-13.54.31, HierarchicalDDC=, DataSize=288435, Duration=47.806717, RunGuid=RunIDECA638CB4BF6F5D835F282AF4CFCF166
DDCTransactionId7953E55C4D154E68C53A799F903EBC87_11, PutCachedData=, CacheKey=REFL_FULL_0C6693969CB849AE9F4120FF5812F4D2_071921AD4DD7C13F1CF733BABA854CA2, StartTime=2016.05.03-13.54.31, HierarchicalDDC=, DataSize=270685, Duration=5.270288, RunGuid=RunIDECA638CB4BF6F5D835F282AF4CFCF166
SavePackageTransactionId4820FF27432288EF58FF1BAF7B7A9084_6, Filename=../../../Engine/Content/BasicShapes/SolidBlock.uasset, AutoPackageBackupDelegate=0.154611, FlushAsyncLoading=0.006288, FlushStreamingFunc=0.141036, BlockTillAllRequestsFinished=0.009272, ResetLoadersForSaveUnMarkAllObjects=0.244658, TagPackageExports=0.068530, BeginCacheForCookedPlatformData=0.002649, SerializeImports=1.186222, GatherLocalizableTextData=0.339676, MarkNames=0.012249, SerializeSummary=0.016224, SerializeNames=0.119183, SerializeGatherableTextData=0.002317, BuildExportMap=0.034433, SortExportsNonSeekfree=0.016883, SortExportsSeekfreeConstructor=0.099320, SortExportsSeekfreeInner=1.201782, SortExportsSeekfree=0.004966, BuildDependencyMap=0.014566, SerializeImportMap=0.006620, SerializeExportMap=0.005297, SerializeDependencyMap=0.002317, SerializeStringAssetReferenceMap=0.002317, SaveThumbNailsAssetRegistryDataWorldLevelInfo=12.672667, SerializeExports=0.262536, SerializeBulkData=0.018541, MoveFile=3.894366, UnaccountedTime=1.527555, RunGuid=RunIDECA638CB4BF6F5D835F282AF4CFCF166
SavePackageTransactionId4820FF27432288EF58FF1BAF7B7A9084_7, Filename=../../../../../../Users/STEM/Documents/Unreal Projects/CPPSpawnTest/Content/StarterContent/Maps/Minimal_Default.umap, AutoPackageBackupDelegate=0.694580, FlushAsyncLoading=0.002980, FlushStreamingFunc=0.090383, BlockTillAllRequestsFinished=0.003640, ResetLoadersForSaveUnMarkAllObjects=30.705009, TagPackageExports=1.050152, BeginCacheForCookedPlatformData=0.002649, SerializeImports=2.004292, GatherLocalizableTextData=7.408004, MarkNames=0.056282, SerializeSummary=0.014897, SerializeNames=0.405230, SerializeGatherableTextData=0.017878, BuildExportMap=16.415733, SortExportsNonSeekfree=0.255585, SortExportsSeekfreeConstructor=0.063896, SortExportsSeekfreeInner=13.300370, SortExportsSeekfree=0.005960, BuildDependencyMap=0.078462, SerializeImportMap=0.052311, SerializeExportMap=0.027146, SerializeDependencyMap=0.007283, SerializeStringAssetReferenceMap=0.001658, SaveThumbNailsAssetRegistryDataWorldLevelInfo=0.851840, SerializeExports=3.616270, SerializeBulkData=29.333387, MoveFile=5.508330, UnaccountedTime=1.507025, RunGuid=RunIDECA638CB4BF6F5D835F282AF4CFCF166
DDCTransactionId7953E55C4D154E68C53A799F903EBC87_12, PutCachedData=, CacheKey=REFL_FULL_0C6693969CB849AE9F4120FF5812F4D2_02CBD95F4F31AB62E1AD56B9459DEC67, StartTime=2016.05.03-13.55.53, HierarchicalDDC=, DataSize=288435, Duration=0.484023, RunGuid=RunIDECA638CB4BF6F5D835F282AF4CFCF166
DDCTransactionIdDBD52D414ABF79E81D9BA6900BB54637_17, PutCachedData=, CacheKey=REFL_FULL_0C6693969CB849AE9F4120FF5812F4D2_071921AD4DD7C13F1CF733BABA854CA2, StartTime=2016.05.03-13.55.54, HierarchicalDDC=, DataSize=270685, Duration=0.348948, RunGuid=RunIDECA638CB4BF6F5D835F282AF4CFCF166
DDCTransactionIdDBD52D414ABF79E81D9BA6900BB54637_18, PutCachedData=, CacheKey=PhysX_1D9C17C451EA4FB88CB7A27536A65DB0_PhysXPC_F89FB47948AB620A254A1EB5AC1971F9__1_0_13123_0, StartTime=2016.05.03-14.08.59, HierarchicalDDC=, DataSize=458, Duration=8.363135, RunGuid=RunIDECA638CB4BF6F5D835F282AF4CFCF166
DDCTransactionIdBB475F7743BA15B9BF9925B936BA166E_5, BuildTexture=, CacheKey=TEXTURE_814DCC3DC72143F49509781513CB9855_AutoDXT_17E273AA46E876E5A4A5B68A62FCB505_07_0000803F0000803F0000803F000000000000803F00000000000000000000803F0000000000000000020000000E000000000000000101000000040000803FFFFFFFFF00000000FF00FF00FFFF8180803B, StartTime=2016.05.03-14.09.09, Duration=200.223007, RunGuid=RunIDECA638CB4BF6F5D835F282AF4CFCF166
DDCTransactionId2529D9AE4AB0D1138059E8B5984C7F17_3, BuildTexture=, CacheKey=TEXTURE_814DCC3DC72143F49509781513CB9855_AutoDXT_0E12050048DA190E16E12D82EA10650B_07_0000803F0000803F0000803F000000000000803F00000000000000000000803F0000000000000000020000000E000000000000000101000000040000803FFFFFFFFF00000000FF00FF00FFFF8180803B, StartTime=2016.05.03-14.09.09, Duration=87.209900, RunGuid=RunIDECA638CB4BF6F5D835F282AF4CFCF166
DDCTransactionId7953E55C4D154E68C53A799F903EBC87_13, PutCachedData=, CacheKey=TEXTURE_814DCC3DC72143F49509781513CB9855_AutoDXT_0E12050048DA190E16E12D82EA106__01A7A3F006CB87C0460FF425E9700890F53211AA, StartTime=2016.05.03-14.09.09, HierarchicalDDC=, DataSize=131335, Duration=304.805450, RunGuid=RunIDECA638CB4BF6F5D835F282AF4CFCF166
DDCTransactionIdD6768848493A87104F6274BE8E120F4B_11, PutCachedData=, CacheKey=TEXTURE_814DCC3DC72143F49509781513CB9855_AutoDXT_0E12050048DA190E16E12D82EA106__091AE7F76EE94BD7CE0D748E10C8B0542A1A488F, StartTime=2016.05.03-14.09.09, HierarchicalDDC=, DataSize=33031, Duration=21.739658, RunGuid=RunIDECA638CB4BF6F5D835F282AF4CFCF166
DDCTransactionIdDBD52D414ABF79E81D9BA6900BB54637_19, PutCachedData=, CacheKey=TEXTURE_814DCC3DC72143F49509781513CB9855_AutoDXT_0E12050048DA190E16E12D82EA106__4F4771540B005E64C75672AEBA4A9B3603A3D7C3, StartTime=2016.05.03-14.09.09, HierarchicalDDC=, DataSize=8454, Duration=115.854340, RunGuid=RunIDECA638CB4BF6F5D835F282AF4CFCF166
DDCTransactionIdD6768848493A87104F6274BE8E120F4B_12, PutCachedData=, CacheKey=TEXTURE_814DCC3DC72143F49509781513CB9855_AutoDXT_0E12050048DA190E16E12D82EA106__5EE122CF8FF2C3FB5FA757DC9968418F67C2CF6A, StartTime=2016.05.03-14.09.09, HierarchicalDDC=, DataSize=4178, Duration=106.339745, RunGuid=RunIDECA638CB4BF6F5D835F282AF4CFCF166
DDCTransactionId2529D9AE4AB0D1138059E8B5984C7F17_4, BuildTexture=, CacheKey=TEXTURE_814DCC3DC72143F49509781513CB9855_DXT1_7D4C51714870E188ABBD949E543DC16A_07_0000803F0000803F0000803F000000000000803F00000000000000000000803F0000000000000000020000000E000000000000000101000000040000803FFFFFFFFF00000000FF00FF00FFFF8180803B, StartTime=2016.05.03-14.09.09, Duration=104.620171, RunGuid=RunIDECA638CB4BF6F5D835F282AF4CFCF166
DDCTransactionIdBB475F7743BA15B9BF9925B936BA166E_6, BuildTexture=, CacheKey=TEXTURE_814DCC3DC72143F49509781513CB9855_AutoDXT_052C01BF4E538EFE46D68E96FCB19F3C_07_0000803F0000803F0000803F000000000000803F00000000000000000000803F0000000000000000020000000E000000000000000101000000040000803FFFFFFFFF00000000FF00FF00FFFF8180803B, StartTime=2016.05.03-14.09.09, Duration=3.150452, RunGuid=RunIDECA638CB4BF6F5D835F282AF4CFCF166
DDCTransactionIdDBD52D414ABF79E81D9BA6900BB54637_20, PutCachedData=, CacheKey=TEXTURE_814DCC3DC72143F49509781513CB9855_AutoDXT_17E273AA46E876E5A4A5B68A62FCB__7E41437DCAAAEEE0F8EBBBBD28CEA30F0200A236, StartTime=2016.05.03-14.09.09, HierarchicalDDC=, DataSize=262407, Duration=53.322990, RunGuid=RunIDECA638CB4BF6F5D835F282AF4CFCF166
DDCTransactionIdBB475F7743BA15B9BF9925B936BA166E_7, BuildTexture=, CacheKey=TEXTURE_814DCC3DC72143F49509781513CB9855_AutoDXT_6FBFE0C04F20AD126720B1869E95637D_07_0000803F0000803F0000803F000000000000803F00000000000000000000803F0000000000000000020000000E000000000000000101000000040000803FFFFFFFFF00000000FF00FF00FFFF8180803B, StartTime=2016.05.03-14.09.09, Duration=5.359348, RunGuid=RunIDECA638CB4BF6F5D835F282AF4CFCF166
DDCTransactionIdD6768848493A87104F6274BE8E120F4B_13, PutCachedData=, CacheKey=TEXTURE_814DCC3DC72143F49509781513CB9855_AutoDXT_17E273AA46E876E5A4A5B68A62FCB__317AD1B48436DB414B3839A5385C916CCAD9072E, StartTime=2016.05.03-14.09.09, HierarchicalDDC=, DataSize=65799, Duration=237.454056, RunGuid=RunIDECA638CB4BF6F5D835F282AF4CFCF166
DDCTransactionIdDBD52D414ABF79E81D9BA6900BB54637_21, PutCachedData=, CacheKey=TEXTURE_814DCC3DC72143F49509781513CB9855_AutoDXT_17E273AA46E876E5A4A5B68A62FCB__B5A9CFB5ADD9633C485B615068B241776C161BDF, StartTime=2016.05.03-14.09.09, HierarchicalDDC=, DataSize=16647, Duration=157.887543, RunGuid=RunIDECA638CB4BF6F5D835F282AF4CFCF166
DDCTransactionIdBB475F7743BA15B9BF9925B936BA166E_8, BuildTexture=, CacheKey=TEXTURE_814DCC3DC72143F49509781513CB9855_DXT1_647FD2C34B022A2D59F0F3AC1D76309C_07_0000803F0000803F0000803F000000000000803F00000000000000000000803F0000000000000000020000000E000000000000000101000000040000803FFFFFFFFF00000000FF00FF00FFFF8180803B, StartTime=2016.05.03-14.09.09, Duration=38.841694, RunGuid=RunIDECA638CB4BF6F5D835F282AF4CFCF166
DDCTransactionId7953E55C4D154E68C53A799F903EBC87_14, PutCachedData=, CacheKey=TEXTURE_814DCC3DC72143F49509781513CB9855_AutoDXT_17E273AA46E876E5A4A5B68A62FCB__C0EDEAD5632C3F85DCDA490BFE76ECE149A79B4D, StartTime=2016.05.03-14.09.10, HierarchicalDDC=, DataSize=6899, Duration=36.481503, RunGuid=RunIDECA638CB4BF6F5D835F282AF4CFCF166
DDCTransactionId7953E55C4D154E68C53A799F903EBC87_15, PutCachedData=, CacheKey=TEXTURE_814DCC3DC72143F49509781513CB9855_AutoDXT_052C01BF4E538EFE46D68E96FCB19__B7F755D7EDF2AEFBFDB57031A4008C64F931E209, StartTime=2016.05.03-14.09.10, HierarchicalDDC=, DataSize=3294, Duration=13.993963, RunGuid=RunIDECA638CB4BF6F5D835F282AF4CFCF166
DDCTransactionId7953E55C4D154E68C53A799F903EBC87_16, PutCachedData=, CacheKey=TEXTURE_814DCC3DC72143F49509781513CB9855_AutoDXT_6FBFE0C04F20AD126720B1869E956__1A7A574FB01BD7F849DFC23091853F432C1F9706, StartTime=2016.05.03-14.09.10, HierarchicalDDC=, DataSize=6014, Duration=91.562798, RunGuid=RunIDECA638CB4BF6F5D835F282AF4CFCF166
DDCTransactionIdDBD52D414ABF79E81D9BA6900BB54637_22, PutCachedData=, CacheKey=TEXTURE_814DCC3DC72143F49509781513CB9855_DXT1_7D4C51714870E188ABBD949E543DC16A__117B5EEBD3FB183F3122CCD38757007747F82923, StartTime=2016.05.03-14.09.10, HierarchicalDDC=, DataSize=131332, Duration=180.243317, RunGuid=RunIDECA638CB4BF6F5D835F282AF4CFCF166
DDCTransactionIdD6768848493A87104F6274BE8E120F4B_14, PutCachedData=, CacheKey=TEXTURE_814DCC3DC72143F49509781513CB9855_DXT1_7D4C51714870E188ABBD949E543DC16A__5ECB0B95A2801E53B208974A730E52208BC4FFA8, StartTime=2016.05.03-14.09.10, HierarchicalDDC=, DataSize=33028, Duration=489.862152, RunGuid=RunIDECA638CB4BF6F5D835F282AF4CFCF166
DDCTransactionId7953E55C4D154E68C53A799F903EBC87_17, PutCachedData=, CacheKey=TEXTURE_814DCC3DC72143F49509781513CB9855_DXT1_7D4C51714870E188ABBD949E543DC16A__6E103DF28F262E316A95DC74452CB96924066E00, StartTime=2016.05.03-14.09.10, HierarchicalDDC=, DataSize=8452, Duration=4.909758, RunGuid=RunIDECA638CB4BF6F5D835F282AF4CFCF166
DDCTransactionId7953E55C4D154E68C53A799F903EBC87_18, PutCachedData=, CacheKey=TEXTURE_814DCC3DC72143F49509781513CB9855_DXT1_7D4C51714870E188ABBD949E543DC16A__0A4BC062F0C70F6745ADB275642F0CFC94AC3E57, StartTime=2016.05.03-14.09.10, HierarchicalDDC=, DataSize=4143, Duration=118.373779, RunGuid=RunIDECA638CB4BF6F5D835F282AF4CFCF166
DDCTransactionIdBB475F7743BA15B9BF9925B936BA166E_9, BuildTexture=, CacheKey=TEXTURE_814DCC3DC72143F49509781513CB9855_G8_DFB0998E4D15ABD0AAFE62841A815674_07_0000803F0000803F0000803F000000000000803F00000000000000000000803F0000000000000000020000000E000000000000000101000000040000803FFFFFFFFF00000000FF00FF00FFFF8180803B, StartTime=2016.05.03-14.09.10, Duration=0.220161, RunGuid=RunIDECA638CB4BF6F5D835F282AF4CFCF166
DDCTransactionId2529D9AE4AB0D1138059E8B5984C7F17_5, BuildTexture=, CacheKey=TEXTURE_814DCC3DC72143F49509781513CB9855_G8_CAECC5C54D16193BC5BB059E6C1A101F_07_0000803F0000803F0000803F000000000000803F00000000000000000000803F0000000000000000020000000E000000000000000101000000040000803FFFFFFFFF00000000FF00FF00FFFF8180803B, StartTime=2016.05.03-14.09.10, Duration=73.557610, RunGuid=RunIDECA638CB4BF6F5D835F282AF4CFCF166
DDCTransactionId7953E55C4D154E68C53A799F903EBC87_19, PutCachedData=, CacheKey=TEXTURE_814DCC3DC72143F49509781513CB9855_DXT1_647FD2C34B022A2D59F0F3AC1D76309C__EC7A26BDB56E216B4C56D933CBC35423C2E5AB53, StartTime=2016.05.03-14.09.10, HierarchicalDDC=, DataSize=3267, Duration=193.996582, RunGuid=RunIDECA638CB4BF6F5D835F282AF4CFCF166
DDCTransactionIdDBD52D414ABF79E81D9BA6900BB54637_23, PutCachedData=, CacheKey=TEXTURE_814DCC3DC72143F49509781513CB9855_G8_DFB0998E4D15ABD0AAFE62841A815674_0__4DB793E14315914B677F77EED89039D4857EC3E8, StartTime=2016.05.03-14.09.10, HierarchicalDDC=, DataSize=3250, Duration=81.139748, RunGuid=RunIDECA638CB4BF6F5D835F282AF4CFCF166
DDCTransactionIdDBD52D414ABF79E81D9BA6900BB54637_24, PutCachedData=, CacheKey=TEXTURE_814DCC3DC72143F49509781513CB9855_G8_CAECC5C54D16193BC5BB059E6C1A101F_0__AB25A0F9C7C9ED20831B1B2AB970D34DCC45B93E, StartTime=2016.05.03-14.09.10, HierarchicalDDC=, DataSize=131330, Duration=67.633453, RunGuid=RunIDECA638CB4BF6F5D835F282AF4CFCF166
DDCTransactionIdDBD52D414ABF79E81D9BA6900BB54637_25, PutCachedData=, CacheKey=TEXTURE_814DCC3DC72143F49509781513CB9855_G8_CAECC5C54D16193BC5BB059E6C1A101F_0__9718604A4A3D3E3E29A31116E38D628C6990BD0F, StartTime=2016.05.03-14.09.10, HierarchicalDDC=, DataSize=33026, Duration=698.240051, RunGuid=RunIDECA638CB4BF6F5D835F282AF4CFCF166
DDCTransactionId7953E55C4D154E68C53A799F903EBC87_20, PutCachedData=, CacheKey=TEXTURE_814DCC3DC72143F49509781513CB9855_G8_CAECC5C54D16193BC5BB059E6C1A101F_0__443A7C77915EEB28F1D4E1172C960C559A1759B4, StartTime=2016.05.03-14.09.10, HierarchicalDDC=, DataSize=8449, Duration=306.947784, RunGuid=RunIDECA638CB4BF6F5D835F282AF4CFCF166
DDCTransactionIdD6768848493A87104F6274BE8E120F4B_15, PutCachedData=, CacheKey=TEXTURE_814DCC3DC72143F49509781513CB9855_G8_CAECC5C54D16193BC5BB059E6C1A101F_0__DB91149AC18E5FBDBCB35E99F416400C792A348D, StartTime=2016.05.03-14.09.10, HierarchicalDDC=, DataSize=4119, Duration=393.740204, RunGuid=RunIDECA638CB4BF6F5D835F282AF4CFCF166
SavePackageTransactionId4820FF27432288EF58FF1BAF7B7A9084_8, Filename=../../../../../../Users/STEM/Documents/Unreal Projects/CPPSpawnTest/Saved/Autosaves/Game/StarterContent/Maps/Minimal_Default_Auto2.umap, AutoPackageBackupDelegate=5.457345, FlushAsyncLoading=0.021521, FlushStreamingFunc=0.166528, BlockTillAllRequestsFinished=0.006951, ResetLoadersForSaveUnMarkAllObjects=31.021841, TagPackageExports=1.146492, BeginCacheForCookedPlatformData=0.002649, SerializeImports=1.985751, GatherLocalizableTextData=7.603999, MarkNames=0.077467, SerializeSummary=0.015892, SerializeNames=0.433039, SerializeGatherableTextData=0.019863, BuildExportMap=0.346962, SortExportsNonSeekfree=0.280414, SortExportsSeekfreeConstructor=0.065554, SortExportsSeekfreeInner=13.397373, SortExportsSeekfree=0.004634, BuildDependencyMap=0.076808, SerializeImportMap=0.052642, SerializeExportMap=0.028804, SerializeDependencyMap=0.006951, SerializeStringAssetReferenceMap=0.001989, SaveThumbNailsAssetRegistryDataWorldLevelInfo=0.847869, SerializeExports=3.339160, SerializeBulkData=16.483932, MoveFile=3.617924, UnaccountedTime=0.202615, RunGuid=RunIDECA638CB4BF6F5D835F282AF4CFCF166
DDCTransactionIdDBD52D414ABF79E81D9BA6900BB54637_26, PutCachedData=, CacheKey=REFL_FULL_0C6693969CB849AE9F4120FF5812F4D2_9A57ED4A494C0833FAEEEA962B65B1E6, StartTime=2016.05.03-14.09.36, HierarchicalDDC=, DataSize=281511, Duration=30.721228, RunGuid=RunIDECA638CB4BF6F5D835F282AF4CFCF166
DDCTransactionId7953E55C4D154E68C53A799F903EBC87_21, PutCachedData=, CacheKey=REFL_FULL_0C6693969CB849AE9F4120FF5812F4D2_218B6F434D101345B9044EAB0958FEB5, StartTime=2016.05.03-14.09.36, HierarchicalDDC=, DataSize=266991, Duration=36.916195, RunGuid=RunIDECA638CB4BF6F5D835F282AF4CFCF166
DDCTransactionIdDBD52D414ABF79E81D9BA6900BB54637_27, PutCachedData=, CacheKey=REFL_ENC_96DFC022836B48889143E9DF484C3296_218B6F434D101345B9044EAB0958FEB5, StartTime=2016.05.03-14.15.50, HierarchicalDDC=, DataSize=524280, Duration=5.112037, RunGuid=RunIDECA638CB4BF6F5D835F282AF4CFCF166
DDCTransactionId7953E55C4D154E68C53A799F903EBC87_22, PutCachedData=, CacheKey=REFL_ENC_96DFC022836B48889143E9DF484C3296_9A57ED4A494C0833FAEEEA962B65B1E6, StartTime=2016.05.03-14.15.50, HierarchicalDDC=, DataSize=524280, Duration=6.754805, RunGuid=RunIDECA638CB4BF6F5D835F282AF4CFCF166
SavePackageTransactionId4820FF27432288EF58FF1BAF7B7A9084_9, Filename=../../../../../../Users/STEM/Documents/Unreal Projects/CPPSpawnTest/Content/StarterContent/Maps/Minimal_Default.umap, AutoPackageBackupDelegate=6.150272, FlushAsyncLoading=0.014570, FlushStreamingFunc=0.056282, BlockTillAllRequestsFinished=0.005625, ResetLoadersForSaveUnMarkAllObjects=31.980288, TagPackageExports=1.057763, BeginCacheForCookedPlatformData=0.002321, SerializeImports=1.995683, GatherLocalizableTextData=7.569566, MarkNames=0.055287, SerializeSummary=0.014897, SerializeNames=0.435688, SerializeGatherableTextData=0.018209, BuildExportMap=0.350270, SortExportsNonSeekfree=0.281081, SortExportsSeekfreeConstructor=0.059258, SortExportsSeekfreeInner=13.513584, SortExportsSeekfree=0.005957, BuildDependencyMap=0.084423, SerializeImportMap=0.051647, SerializeExportMap=0.028472, SerializeDependencyMap=0.006951, SerializeStringAssetReferenceMap=0.001654, SaveThumbNailsAssetRegistryDataWorldLevelInfo=0.842903, SerializeExports=3.315989, SerializeBulkData=39.789547, MoveFile=5.692731, UnaccountedTime=1.504712, RunGuid=RunIDECA638CB4BF6F5D835F282AF4CFCF166
DDCTransactionIdDBD52D414ABF79E81D9BA6900BB54637_28, PutCachedData=, CacheKey=REFL_FULL_0C6693969CB849AE9F4120FF5812F4D2_9A57ED4A494C0833FAEEEA962B65B1E6, StartTime=2016.05.03-14.17.15, HierarchicalDDC=, DataSize=281511, Duration=0.403903, RunGuid=RunIDECA638CB4BF6F5D835F282AF4CFCF166
DDCTransactionId7953E55C4D154E68C53A799F903EBC87_23, PutCachedData=, CacheKey=REFL_FULL_0C6693969CB849AE9F4120FF5812F4D2_218B6F434D101345B9044EAB0958FEB5, StartTime=2016.05.03-14.17.15, HierarchicalDDC=, DataSize=266991, Duration=0.393972, RunGuid=RunIDECA638CB4BF6F5D835F282AF4CFCF166
SavePackageTransactionId4820FF27432288EF58FF1BAF7B7A9084_10, Filename=../../../../../../Users/STEM/Documents/Unreal Projects/CPPSpawnTest/Content/StarterContent/Maps/SpawnStaticMeshOnPlay.umap, AutoPackageBackupDelegate=0.162885, FlushAsyncLoading=0.003975, FlushStreamingFunc=0.127461, BlockTillAllRequestsFinished=0.004966, ResetLoadersForSaveUnMarkAllObjects=30.559669, TagPackageExports=1.015388, BeginCacheForCookedPlatformData=0.002317, SerializeImports=1.915235, GatherLocalizableTextData=7.343113, MarkNames=0.055954, SerializeSummary=0.015229, SerializeNames=0.435024, SerializeGatherableTextData=0.018537, BuildExportMap=0.324450, SortExportsNonSeekfree=0.258233, SortExportsSeekfreeConstructor=0.057936, SortExportsSeekfreeInner=13.248727, SortExportsSeekfree=0.005629, BuildDependencyMap=0.079457, SerializeImportMap=0.057939, SerializeExportMap=0.027809, SerializeDependencyMap=0.006955, SerializeStringAssetReferenceMap=0.001654, SaveThumbNailsAssetRegistryDataWorldLevelInfo=30.977148, SerializeExports=3.335521, SerializeBulkData=26.084938, MoveFile=4.040036, UnaccountedTime=1.533512, RunGuid=RunIDECA638CB4BF6F5D835F282AF4CFCF166
DDCTransactionId7953E55C4D154E68C53A799F903EBC87_24, PutCachedData=, CacheKey=REFL_FULL_0C6693969CB849AE9F4120FF5812F4D2_9A57ED4A494C0833FAEEEA962B65B1E6, StartTime=2016.05.03-15.54.45, HierarchicalDDC=, DataSize=281511, Duration=0.317495, RunGuid=RunIDECA638CB4BF6F5D835F282AF4CFCF166
DDCTransactionIdDBD52D414ABF79E81D9BA6900BB54637_29, PutCachedData=, CacheKey=REFL_FULL_0C6693969CB849AE9F4120FF5812F4D2_218B6F434D101345B9044EAB0958FEB5, StartTime=2016.05.03-15.54.46, HierarchicalDDC=, DataSize=266991, Duration=0.334047, RunGuid=RunIDECA638CB4BF6F5D835F282AF4CFCF166
SavePackageTransactionId4820FF27432288EF58FF1BAF7B7A9084_11, Filename=../../../../../../Users/STEM/Documents/Unreal Projects/CPPSpawnTest/Content/StarterContent/Maps/SpawnStaticMeshOnPlay.umap, AutoPackageBackupDelegate=6.006588, FlushAsyncLoading=0.016224, FlushStreamingFunc=0.069194, BlockTillAllRequestsFinished=0.006951, ResetLoadersForSaveUnMarkAllObjects=55.102158, TagPackageExports=1.056772, BeginCacheForCookedPlatformData=0.002317, SerializeImports=1.956951, GatherLocalizableTextData=7.402375, MarkNames=0.069857, SerializeSummary=0.015892, SerializeNames=0.432044, SerializeGatherableTextData=0.019863, BuildExportMap=0.328422, SortExportsNonSeekfree=0.258896, SortExportsSeekfreeConstructor=0.063233, SortExportsSeekfreeInner=13.268922, SortExportsSeekfree=0.004634, BuildDependencyMap=0.074491, SerializeImportMap=0.052307, SerializeExportMap=0.027813, SerializeDependencyMap=0.006955, SerializeStringAssetReferenceMap=0.001654, SaveThumbNailsAssetRegistryDataWorldLevelInfo=0.837937, SerializeExports=3.135886, SerializeBulkData=26.836466, MoveFile=5.639430, UnaccountedTime=0.175137, RunGuid=RunIDECA638CB4BF6F5D835F282AF4CFCF166
DDCTransactionIdD6768848493A87104F6274BE8E120F4B_16, PutCachedData=, CacheKey=REFL_FULL_0C6693969CB849AE9F4120FF5812F4D2_9A57ED4A494C0833FAEEEA962B65B1E6, StartTime=2016.05.03-15.54.50, HierarchicalDDC=, DataSize=281511, Duration=0.414170, RunGuid=RunIDECA638CB4BF6F5D835F282AF4CFCF166
DDCTransactionIdDBD52D414ABF79E81D9BA6900BB54637_30, PutCachedData=, CacheKey=REFL_FULL_0C6693969CB849AE9F4120FF5812F4D2_218B6F434D101345B9044EAB0958FEB5, StartTime=2016.05.03-15.54.50, HierarchicalDDC=, DataSize=266991, Duration=0.379737, RunGuid=RunIDECA638CB4BF6F5D835F282AF4CFCF166
SavePackageTransactionId4820FF27432288EF58FF1BAF7B7A9084_12, Filename=../../../../../../Users/STEM/Documents/Unreal Projects/CPPSpawnTest/Saved/Autosaves/Game/StarterContent/Maps/SpawnStaticMeshOnPlay_Auto3.umap, AutoPackageBackupDelegate=5.632147, FlushAsyncLoading=0.015229, FlushStreamingFunc=0.076145, BlockTillAllRequestsFinished=0.006624, ResetLoadersForSaveUnMarkAllObjects=31.975981, TagPackageExports=1.071010, BeginCacheForCookedPlatformData=0.002317, SerializeImports=1.936424, GatherLocalizableTextData=7.354371, MarkNames=0.053965, SerializeSummary=0.014566, SerializeNames=0.409864, SerializeGatherableTextData=0.018541, BuildExportMap=0.325110, SortExportsNonSeekfree=0.256576, SortExportsSeekfreeConstructor=0.059593, SortExportsSeekfreeInner=13.085179, SortExportsSeekfree=0.003971, BuildDependencyMap=0.071511, SerializeImportMap=0.051975, SerializeExportMap=0.027150, SerializeDependencyMap=0.006620, SerializeStringAssetReferenceMap=0.001986, SaveThumbNailsAssetRegistryDataWorldLevelInfo=0.826683, SerializeExports=3.111716, SerializeBulkData=26.130959, MoveFile=20.575949, UnaccountedTime=1.120668, RunGuid=RunIDECA638CB4BF6F5D835F282AF4CFCF166
DDCTransactionIdD6768848493A87104F6274BE8E120F4B_17, PutCachedData=, CacheKey=REFL_FULL_0C6693969CB849AE9F4120FF5812F4D2_9A57ED4A494C0833FAEEEA962B65B1E6, StartTime=2016.05.03-16.53.12, HierarchicalDDC=, DataSize=281511, Duration=0.406221, RunGuid=RunIDECA638CB4BF6F5D835F282AF4CFCF166
DDCTransactionIdDBD52D414ABF79E81D9BA6900BB54637_31, PutCachedData=, CacheKey=REFL_FULL_0C6693969CB849AE9F4120FF5812F4D2_218B6F434D101345B9044EAB0958FEB5, StartTime=2016.05.03-16.53.12, HierarchicalDDC=, DataSize=266991, Duration=0.359539, RunGuid=RunIDECA638CB4BF6F5D835F282AF4CFCF166
SavePackageTransactionId4820FF27432288EF58FF1BAF7B7A9084_13, Filename=../../../../../../Users/STEM/Documents/Unreal Projects/CPPSpawnTest/Content/StarterContent/Maps/SpawnStaticMeshOnPlay.umap, AutoPackageBackupDelegate=6.852467, FlushAsyncLoading=0.018872, FlushStreamingFunc=0.066213, BlockTillAllRequestsFinished=0.013907, ResetLoadersForSaveUnMarkAllObjects=35.638268, TagPackageExports=1.061741, BeginCacheForCookedPlatformData=0.002649, SerializeImports=2.018526, GatherLocalizableTextData=7.539768, MarkNames=0.064228, SerializeSummary=0.021853, SerializeNames=0.451908, SerializeGatherableTextData=0.022516, BuildExportMap=0.346627, SortExportsNonSeekfree=0.310875, SortExportsSeekfreeConstructor=0.075482, SortExportsSeekfreeInner=13.547681, SortExportsSeekfree=0.005629, BuildDependencyMap=0.089057, SerializeImportMap=0.082765, SerializeExportMap=0.028472, SerializeDependencyMap=0.006955, SerializeStringAssetReferenceMap=0.002977, SaveThumbNailsAssetRegistryDataWorldLevelInfo=0.893228, SerializeExports=3.098145, SerializeBulkData=26.603062, MoveFile=4.306547, UnaccountedTime=1.608003, RunGuid=RunIDECA638CB4BF6F5D835F282AF4CFCF166
DDCTransactionIdDBD52D414ABF79E81D9BA6900BB54637_32, PutCachedData=, CacheKey=REFL_FULL_0C6693969CB849AE9F4120FF5812F4D2_9A57ED4A494C0833FAEEEA962B65B1E6, StartTime=2016.05.04-08.34.06, HierarchicalDDC=, DataSize=281511, Duration=0.787612, RunGuid=RunIDECA638CB4BF6F5D835F282AF4CFCF166
DDCTransactionId7953E55C4D154E68C53A799F903EBC87_25, PutCachedData=, CacheKey=REFL_FULL_0C6693969CB849AE9F4120FF5812F4D2_218B6F434D101345B9044EAB0958FEB5, StartTime=2016.05.04-08.34.06, HierarchicalDDC=, DataSize=266991, Duration=0.778344, RunGuid=RunIDECA638CB4BF6F5D835F282AF4CFCF166
SavePackageTransactionId4820FF27432288EF58FF1BAF7B7A9084_14, Filename=../../../../../../Users/STEM/Documents/Unreal Projects/CPPSpawnTest/Content/StarterContent/Maps/SpawnStaticMeshOnPlay.umap, AutoPackageBackupDelegate=0.841245, FlushAsyncLoading=0.002980, FlushStreamingFunc=0.105280, BlockTillAllRequestsFinished=0.003971, ResetLoadersForSaveUnMarkAllObjects=38.640739, TagPackageExports=1.085244, BeginCacheForCookedPlatformData=0.002317, SerializeImports=2.013564, GatherLocalizableTextData=7.460974, MarkNames=0.058267, SerializeSummary=0.014897, SerializeNames=0.433039, SerializeGatherableTextData=0.019532, BuildExportMap=0.337031, SortExportsNonSeekfree=0.288691, SortExportsSeekfreeConstructor=0.059921, SortExportsSeekfreeInner=13.273228, SortExportsSeekfree=0.004303, BuildDependencyMap=0.074822, SerializeImportMap=0.052974, SerializeExportMap=0.027478, SerializeDependencyMap=0.006955, SerializeStringAssetReferenceMap=0.001986, SaveThumbNailsAssetRegistryDataWorldLevelInfo=0.863757, SerializeExports=3.174953, SerializeBulkData=27.197662, MoveFile=6.016187, UnaccountedTime=1.499414, RunGuid=RunIDECA638CB4BF6F5D835F282AF4CFCF166
DDCTransactionIdDBD52D414ABF79E81D9BA6900BB54637_33, PutCachedData=, CacheKey=REFL_FULL_0C6693969CB849AE9F4120FF5812F4D2_9A57ED4A494C0833FAEEEA962B65B1E6, StartTime=2016.05.04-08.34.26, HierarchicalDDC=, DataSize=281511, Duration=0.400923, RunGuid=RunIDECA638CB4BF6F5D835F282AF4CFCF166
DDCTransactionId7953E55C4D154E68C53A799F903EBC87_26, PutCachedData=, CacheKey=REFL_FULL_0C6693969CB849AE9F4120FF5812F4D2_218B6F434D101345B9044EAB0958FEB5, StartTime=2016.05.04-08.34.26, HierarchicalDDC=, DataSize=266991, Duration=0.370797, RunGuid=RunIDECA638CB4BF6F5D835F282AF4CFCF166
SavePackageTransactionId4820FF27432288EF58FF1BAF7B7A9084_15, Filename=../../../Engine/Content/BasicShapes/WoodenSphere.uasset, AutoPackageBackupDelegate=0.123158, FlushAsyncLoading=0.003643, FlushStreamingFunc=0.051316, BlockTillAllRequestsFinished=0.005297, ResetLoadersForSaveUnMarkAllObjects=0.134744, TagPackageExports=0.036418, BeginCacheForCookedPlatformData=0.001654, SerializeImports=0.722393, GatherLocalizableTextData=0.170499, MarkNames=0.006955, SerializeSummary=0.011254, SerializeNames=0.064228, SerializeGatherableTextData=0.001654, BuildExportMap=0.019535, SortExportsNonSeekfree=0.008937, SortExportsSeekfreeConstructor=0.009272, SortExportsSeekfreeInner=0.683658, SortExportsSeekfree=0.002980, BuildDependencyMap=0.008937, SerializeImportMap=0.008278, SerializeExportMap=0.005297, SerializeDependencyMap=0.001326, SerializeStringAssetReferenceMap=0.001322, SaveThumbNailsAssetRegistryDataWorldLevelInfo=8.216143, SerializeExports=0.243008, SerializeBulkData=0.106603, MoveFile=3.450401, UnaccountedTime=1.500737, RunGuid=RunIDECA638CB4BF6F5D835F282AF4CFCF166
SavePackageTransactionId4820FF27432288EF58FF1BAF7B7A9084_16, Filename=../../../../../../Users/STEM/Documents/Unreal Projects/CPPSpawnTest/Saved/Autosaves/Game/StarterContent/Maps/SpawnStaticMeshOnPlay_Auto4.umap, AutoPackageBackupDelegate=6.441280, FlushAsyncLoading=0.015561, FlushStreamingFunc=0.063233, BlockTillAllRequestsFinished=0.007287, ResetLoadersForSaveUnMarkAllObjects=31.188038, TagPackageExports=1.094181, BeginCacheForCookedPlatformData=18.905375, SerializeImports=2.200283, GatherLocalizableTextData=7.253725, MarkNames=0.054296, SerializeSummary=0.014897, SerializeNames=0.421453, SerializeGatherableTextData=0.018869, BuildExportMap=0.321802, SortExportsNonSeekfree=0.270482, SortExportsSeekfreeConstructor=0.058267, SortExportsSeekfreeInner=13.651635, SortExportsSeekfree=0.006955, BuildDependencyMap=0.109583, SerializeImportMap=0.051647, SerializeExportMap=0.028141, SerializeDependencyMap=0.006951, SerializeStringAssetReferenceMap=0.001986, SaveThumbNailsAssetRegistryDataWorldLevelInfo=0.901502, SerializeExports=3.206737, SerializeBulkData=26.801702, MoveFile=3.720556, UnaccountedTime=0.189703, RunGuid=RunIDECA638CB4BF6F5D835F282AF4CFCF166
DDCTransactionIdDBD52D414ABF79E81D9BA6900BB54637_34, PutCachedData=, CacheKey=REFL_FULL_0C6693969CB849AE9F4120FF5812F4D2_9A57ED4A494C0833FAEEEA962B65B1E6, StartTime=2016.05.04-08.44.26, HierarchicalDDC=, DataSize=281511, Duration=0.688292, RunGuid=RunIDECA638CB4BF6F5D835F282AF4CFCF166
DDCTransactionIdD6768848493A87104F6274BE8E120F4B_18, PutCachedData=, CacheKey=REFL_FULL_0C6693969CB849AE9F4120FF5812F4D2_218B6F434D101345B9044EAB0958FEB5, StartTime=2016.05.04-08.44.26, HierarchicalDDC=, DataSize=266991, Duration=20.553436, RunGuid=RunIDECA638CB4BF6F5D835F282AF4CFCF166
SavePackageTransactionId4820FF27432288EF58FF1BAF7B7A9084_17, Filename=../../../../../../Users/STEM/Documents/Unreal Projects/CPPSpawnTest/Content/StarterContent/Maps/SpawnStaticMeshOnPlay.umap, AutoPackageBackupDelegate=12.223736, FlushAsyncLoading=0.018872, FlushStreamingFunc=0.077799, BlockTillAllRequestsFinished=0.008278, ResetLoadersForSaveUnMarkAllObjects=46.019276, TagPackageExports=1.070015, BeginCacheForCookedPlatformData=0.002317, SerializeImports=1.924176, GatherLocalizableTextData=7.358342, MarkNames=0.054955, SerializeSummary=0.014897, SerializeNames=0.416487, SerializeGatherableTextData=0.019200, BuildExportMap=0.364840, SortExportsNonSeekfree=0.275116, SortExportsSeekfreeConstructor=0.058930, SortExportsSeekfreeInner=13.256673, SortExportsSeekfree=0.004303, BuildDependencyMap=0.074491, SerializeImportMap=0.051316, SerializeExportMap=0.027478, SerializeDependencyMap=0.006624, SerializeStringAssetReferenceMap=0.001654, SaveThumbNailsAssetRegistryDataWorldLevelInfo=0.832308, SerializeExports=3.070336, SerializeBulkData=35.903786, MoveFile=5.783118, UnaccountedTime=3.409017, RunGuid=RunIDECA638CB4BF6F5D835F282AF4CFCF166
DDCTransactionId7953E55C4D154E68C53A799F903EBC87_27, PutCachedData=, CacheKey=REFL_FULL_0C6693969CB849AE9F4120FF5812F4D2_9A57ED4A494C0833FAEEEA962B65B1E6, StartTime=2016.05.04-09.08.37, HierarchicalDDC=, DataSize=281511, Duration=0.666112, RunGuid=RunIDECA638CB4BF6F5D835F282AF4CFCF166
DDCTransactionIdD6768848493A87104F6274BE8E120F4B_19, PutCachedData=, CacheKey=REFL_FULL_0C6693969CB849AE9F4120FF5812F4D2_218B6F434D101345B9044EAB0958FEB5, StartTime=2016.05.04-09.08.37, HierarchicalDDC=, DataSize=266991, Duration=0.590626, RunGuid=RunIDECA638CB4BF6F5D835F282AF4CFCF166
DDCTransactionIdDBD52D414ABF79E81D9BA6900BB54637_35, PutCachedData=, CacheKey=PhysX_1D9C17C451EA4FB88CB7A27536A65DB0_PhysXPC_98C59AC34B353C84F4C01994DA457EF4__1_0_13123_0, StartTime=2016.05.04-09.08.39, HierarchicalDDC=, DataSize=458, Duration=24.437870, RunGuid=RunIDECA638CB4BF6F5D835F282AF4CFCF166
DDCTransactionIdBB475F7743BA15B9BF9925B936BA166E_10, BuildTexture=, CacheKey=TEXTURE_814DCC3DC72143F49509781513CB9855_AutoDXT_1414B38648BA1ADA2710309A14CE029D_07_0000803F0000803F0000803F000000000000803F00000000000000000000803F0000000000000000020000000E000000000000000101000000040000803FFFFFFFFF00000000FF00FF00FFFF8180803B, StartTime=2016.05.04-09.09.25, Duration=2414.254150, RunGuid=RunIDECA638CB4BF6F5D835F282AF4CFCF166
DDCTransactionId2529D9AE4AB0D1138059E8B5984C7F17_6, BuildTexture=, CacheKey=TEXTURE_814DCC3DC72143F49509781513CB9855_AutoDXT_66F1FD2C4C9484DDD3AB26BF929C2291_07_0000803F0000803F0000803F000000000000803F00000000000000000000803F0000000000000000020000000E000000000000000101000000040000803FFFFFFFFF00000000FF00FF00FFFF8180803B, StartTime=2016.05.04-09.09.25, Duration=2531.313232, RunGuid=RunIDECA638CB4BF6F5D835F282AF4CFCF166
DDCTransactionIdDBD52D414ABF79E81D9BA6900BB54637_36, PutCachedData=, CacheKey=TEXTURE_814DCC3DC72143F49509781513CB9855_AutoDXT_1414B38648BA1ADA2710309A14CE0__576B190359FF7AF66CDE77EC5BD3A0098462EDAA, StartTime=2016.05.04-09.09.27, HierarchicalDDC=, DataSize=131335, Duration=473.479218, RunGuid=RunIDECA638CB4BF6F5D835F282AF4CFCF166
DDCTransactionId7953E55C4D154E68C53A799F903EBC87_28, PutCachedData=, CacheKey=TEXTURE_814DCC3DC72143F49509781513CB9855_AutoDXT_1414B38648BA1ADA2710309A14CE0__298CF452375AE5B619F91163C7D35557C953086E, StartTime=2016.05.04-09.09.27, HierarchicalDDC=, DataSize=33031, Duration=250.645828, RunGuid=RunIDECA638CB4BF6F5D835F282AF4CFCF166
DDCTransactionIdD6768848493A87104F6274BE8E120F4B_20, PutCachedData=, CacheKey=TEXTURE_814DCC3DC72143F49509781513CB9855_AutoDXT_1414B38648BA1ADA2710309A14CE0__A2A4B4D649FA8F6C535924329E2C6D825AF01809, StartTime=2016.05.04-09.09.27, HierarchicalDDC=, DataSize=8454, Duration=1043.360107, RunGuid=RunIDECA638CB4BF6F5D835F282AF4CFCF166
DDCTransactionId7953E55C4D154E68C53A799F903EBC87_29, PutCachedData=, CacheKey=TEXTURE_814DCC3DC72143F49509781513CB9855_AutoDXT_1414B38648BA1ADA2710309A14CE0__812AFDC48F19A6A17E901479E47B7610C044C90E, StartTime=2016.05.04-09.09.27, HierarchicalDDC=, DataSize=4178, Duration=36.034889, RunGuid=RunIDECA638CB4BF6F5D835F282AF4CFCF166
DDCTransactionId7953E55C4D154E68C53A799F903EBC87_30, PutCachedData=, CacheKey=TEXTURE_814DCC3DC72143F49509781513CB9855_AutoDXT_66F1FD2C4C9484DDD3AB26BF929C2__12CBEFD9F3009DC609695C225D05EC8145B774A6, StartTime=2016.05.04-09.09.27, HierarchicalDDC=, DataSize=262407, Duration=446.146820, RunGuid=RunIDECA638CB4BF6F5D835F282AF4CFCF166
DDCTransactionIdDBD52D414ABF79E81D9BA6900BB54637_37, PutCachedData=, CacheKey=TEXTURE_814DCC3DC72143F49509781513CB9855_AutoDXT_66F1FD2C4C9484DDD3AB26BF929C2__8D6DF0659515A74848FAB82328D055673526CE01, StartTime=2016.05.04-09.09.28, HierarchicalDDC=, DataSize=65799, Duration=516.914795, RunGuid=RunIDECA638CB4BF6F5D835F282AF4CFCF166
DDCTransactionId2529D9AE4AB0D1138059E8B5984C7F17_7, BuildTexture=, CacheKey=TEXTURE_814DCC3DC72143F49509781513CB9855_AutoDXT_2285ED104B318053E7F61D85DA3A70D5_07_0000803F0000803F0000803F000000000000803F00000000000000000000803F0000000000000000020000000E000000000000000101000000040000803FFFFFFFFF00000000FF00FF00FFFF8180803B, StartTime=2016.05.04-09.09.28, Duration=5.368948, RunGuid=RunIDECA638CB4BF6F5D835F282AF4CFCF166
DDCTransactionId7953E55C4D154E68C53A799F903EBC87_31, PutCachedData=, CacheKey=TEXTURE_814DCC3DC72143F49509781513CB9855_AutoDXT_66F1FD2C4C9484DDD3AB26BF929C2__0156995608F03F92CBFF5F6BF7692E7F5FC0AE75, StartTime=2016.05.04-09.09.28, HierarchicalDDC=, DataSize=16647, Duration=347.376282, RunGuid=RunIDECA638CB4BF6F5D835F282AF4CFCF166
DDCTransactionId2529D9AE4AB0D1138059E8B5984C7F17_8, BuildTexture=, CacheKey=TEXTURE_814DCC3DC72143F49509781513CB9855_AutoDXT_E0953A054FCDA05D125E29AC808BF53A_07_0000803F0000803F0000803F000000000000803F00000000000000000000803F0000000000000000020000000E000000000000000101000000040000803FFFFFFFFF00000000FF00FF00FFFF8180803B, StartTime=2016.05.04-09.09.28, Duration=10.719358, RunGuid=RunIDECA638CB4BF6F5D835F282AF4CFCF166
DDCTransactionIdDBD52D414ABF79E81D9BA6900BB54637_38, PutCachedData=, CacheKey=TEXTURE_814DCC3DC72143F49509781513CB9855_AutoDXT_66F1FD2C4C9484DDD3AB26BF929C2__579CA87C6E1E82FA28799E0DCD5339BA6D00AC14, StartTime=2016.05.04-09.09.28, HierarchicalDDC=, DataSize=6899, Duration=182.226746, RunGuid=RunIDECA638CB4BF6F5D835F282AF4CFCF166
DDCTransactionIdBB475F7743BA15B9BF9925B936BA166E_11, BuildTexture=, CacheKey=TEXTURE_814DCC3DC72143F49509781513CB9855_DXT1_F3E8F6174CE1379A5593FD816681BE99_07_0000803F0000803F0000803F000000000000803F00000000000000000000803F0000000000000000020000000E000000000000000101000000040000803FFFFFFFFF00000000FF00FF00FFFF8180803B, StartTime=2016.05.04-09.09.28, Duration=120.508835, RunGuid=RunIDECA638CB4BF6F5D835F282AF4CFCF166
DDCTransactionIdD6768848493A87104F6274BE8E120F4B_21, PutCachedData=, CacheKey=TEXTURE_814DCC3DC72143F49509781513CB9855_AutoDXT_2285ED104B318053E7F61D85DA3A7__E15DD794CB7D19F65F002EBBA39BA923BA1AE139, StartTime=2016.05.04-09.09.28, HierarchicalDDC=, DataSize=3294, Duration=294.274139, RunGuid=RunIDECA638CB4BF6F5D835F282AF4CFCF166
DDCTransactionId7953E55C4D154E68C53A799F903EBC87_32, PutCachedData=, CacheKey=TEXTURE_814DCC3DC72143F49509781513CB9855_AutoDXT_E0953A054FCDA05D125E29AC808BF__6C9D8E1467045BA0C91CE42698832D1B4DA7A8F4, StartTime=2016.05.04-09.09.28, HierarchicalDDC=, DataSize=6014, Duration=166.191742, RunGuid=RunIDECA638CB4BF6F5D835F282AF4CFCF166
DDCTransactionIdDBD52D414ABF79E81D9BA6900BB54637_39, PutCachedData=, CacheKey=TEXTURE_814DCC3DC72143F49509781513CB9855_DXT1_F3E8F6174CE1379A5593FD816681BE99__D82A0DED6ADD80DEC95C37F23AA16D3F6A7B9D4F, StartTime=2016.05.04-09.09.28, HierarchicalDDC=, DataSize=131332, Duration=369.945282, RunGuid=RunIDECA638CB4BF6F5D835F282AF4CFCF166
DDCTransactionId2529D9AE4AB0D1138059E8B5984C7F17_9, BuildTexture=, CacheKey=TEXTURE_814DCC3DC72143F49509781513CB9855_DXT1_2F62413D444E54B682217A88D8C3C0C2_07_0000803F0000803F0000803F000000000000803F00000000000000000000803F0000000000000000020000000E000000000000000101000000040000803FFFFFFFFF00000000FF00FF00FFFF8180803B, StartTime=2016.05.04-09.09.28, Duration=8.204226, RunGuid=RunIDECA638CB4BF6F5D835F282AF4CFCF166
DDCTransactionId7953E55C4D154E68C53A799F903EBC87_33, PutCachedData=, CacheKey=TEXTURE_814DCC3DC72143F49509781513CB9855_DXT1_F3E8F6174CE1379A5593FD816681BE99__650B15E2D97E28F85408607F25F0A2C6E96CA1BD, StartTime=2016.05.04-09.09.28, HierarchicalDDC=, DataSize=33028, Duration=420.328033, RunGuid=RunIDECA638CB4BF6F5D835F282AF4CFCF166
DDCTransactionIdD6768848493A87104F6274BE8E120F4B_22, PutCachedData=, CacheKey=TEXTURE_814DCC3DC72143F49509781513CB9855_DXT1_F3E8F6174CE1379A5593FD816681BE99__347FFC83F4E9B1046893FEB9B62DB131AD736AA9, StartTime=2016.05.04-09.09.28, HierarchicalDDC=, DataSize=8452, Duration=315.892273, RunGuid=RunIDECA638CB4BF6F5D835F282AF4CFCF166
DDCTransactionIdDBD52D414ABF79E81D9BA6900BB54637_40, PutCachedData=, CacheKey=TEXTURE_814DCC3DC72143F49509781513CB9855_DXT1_F3E8F6174CE1379A5593FD816681BE99__9C2DA832F056CCABDC523A6F15A055EC3C5F3799, StartTime=2016.05.04-09.09.29, HierarchicalDDC=, DataSize=4143, Duration=37.187012, RunGuid=RunIDECA638CB4BF6F5D835F282AF4CFCF166
DDCTransactionIdDBD52D414ABF79E81D9BA6900BB54637_41, PutCachedData=, CacheKey=TEXTURE_814DCC3DC72143F49509781513CB9855_DXT1_2F62413D444E54B682217A88D8C3C0C2__745CEEBB0BB9BFA9C2477BFFB04D0BA028F82094, StartTime=2016.05.04-09.09.29, HierarchicalDDC=, DataSize=3267, Duration=105.140945, RunGuid=RunIDECA638CB4BF6F5D835F282AF4CFCF166
DDCTransactionIdBB475F7743BA15B9BF9925B936BA166E_12, BuildTexture=, CacheKey=TEXTURE_814DCC3DC72143F49509781513CB9855_G8_CA0245414D219F37C9CF0FB790152840_07_0000803F0000803F0000803F000000000000803F00000000000000000000803F0000000000000000020000000E000000000000000101000000040000803FFFFFFFFF00000000FF00FF00FFFF8180803B, StartTime=2016.05.04-09.09.29, Duration=145.242691, RunGuid=RunIDECA638CB4BF6F5D835F282AF4CFCF166
DDCTransactionIdD6768848493A87104F6274BE8E120F4B_23, PutCachedData=, CacheKey=TEXTURE_814DCC3DC72143F49509781513CB9855_G8_CA0245414D219F37C9CF0FB790152840_0__14E8558117D97207EDA9DF476299AF94F92F31E6, StartTime=2016.05.04-09.09.29, HierarchicalDDC=, DataSize=131330, Duration=64.940536, RunGuid=RunIDECA638CB4BF6F5D835F282AF4CFCF166
DDCTransactionId7953E55C4D154E68C53A799F903EBC87_34, PutCachedData=, CacheKey=TEXTURE_814DCC3DC72143F49509781513CB9855_G8_CA0245414D219F37C9CF0FB790152840_0__106EFCB673832B14396FC5629D0E8EF23B2EE198, StartTime=2016.05.04-09.09.29, HierarchicalDDC=, DataSize=33026, Duration=524.684692, RunGuid=RunIDECA638CB4BF6F5D835F282AF4CFCF166
DDCTransactionIdDBD52D414ABF79E81D9BA6900BB54637_42, PutCachedData=, CacheKey=TEXTURE_814DCC3DC72143F49509781513CB9855_G8_CA0245414D219F37C9CF0FB790152840_0__D735C295749D31A63B374C9499135DE6E5C669BA, StartTime=2016.05.04-09.09.29, HierarchicalDDC=, DataSize=8449, Duration=244.725327, RunGuid=RunIDECA638CB4BF6F5D835F282AF4CFCF166
DDCTransactionId2529D9AE4AB0D1138059E8B5984C7F17_10, BuildTexture=, CacheKey=TEXTURE_814DCC3DC72143F49509781513CB9855_G8_1E90DD624B49BEFFE2BA4EAA2CAE0B24_07_0000803F0000803F0000803F000000000000803F00000000000000000000803F0000000000000000020000000E000000000000000101000000040000803FFFFFFFFF00000000FF00FF00FFFF8180803B, StartTime=2016.05.04-09.09.29, Duration=0.336695, RunGuid=RunIDECA638CB4BF6F5D835F282AF4CFCF166
DDCTransactionIdD6768848493A87104F6274BE8E120F4B_24, PutCachedData=, CacheKey=TEXTURE_814DCC3DC72143F49509781513CB9855_G8_1E90DD624B49BEFFE2BA4EAA2CAE0B24_0__521A1EC493B43313545D89BDAA76B5F48554ACCA, StartTime=2016.05.04-09.09.29, HierarchicalDDC=, DataSize=3250, Duration=405.857330, RunGuid=RunIDECA638CB4BF6F5D835F282AF4CFCF166
DDCTransactionIdDBD52D414ABF79E81D9BA6900BB54637_43, PutCachedData=, CacheKey=TEXTURE_814DCC3DC72143F49509781513CB9855_G8_CA0245414D219F37C9CF0FB790152840_0__E6F965A10AAF47B6964A90BBCC2677D1CBF4A8E1, StartTime=2016.05.04-09.09.29, HierarchicalDDC=, DataSize=4119, Duration=259.065582, RunGuid=RunIDECA638CB4BF6F5D835F282AF4CFCF166
SavePackageTransactionId4820FF27432288EF58FF1BAF7B7A9084_18, Filename=../../../../../../Users/STEM/Documents/Unreal Projects/CPPSpawnTest/Content/StarterContent/Maps/SpawnStaticMeshOnPlay.umap, AutoPackageBackupDelegate=0.908121, FlushAsyncLoading=0.002980, FlushStreamingFunc=0.081774, BlockTillAllRequestsFinished=0.006292, ResetLoadersForSaveUnMarkAllObjects=64.575699, TagPackageExports=1.047503, BeginCacheForCookedPlatformData=0.002317, SerializeImports=1.837764, GatherLocalizableTextData=7.320601, MarkNames=0.055619, SerializeSummary=0.014234, SerializeNames=0.416487, SerializeGatherableTextData=0.018869, BuildExportMap=0.340011, SortExportsNonSeekfree=0.319812, SortExportsSeekfreeConstructor=0.058599, SortExportsSeekfreeInner=13.600320, SortExportsSeekfree=0.004966, BuildDependencyMap=0.083432, SerializeImportMap=0.052311, SerializeExportMap=0.028804, SerializeDependencyMap=0.006951, SerializeStringAssetReferenceMap=0.001986, SaveThumbNailsAssetRegistryDataWorldLevelInfo=25.874712, SerializeExports=36.169636, SerializeBulkData=53.022377, MoveFile=3.896352, UnaccountedTime=1.398437, RunGuid=RunIDECA638CB4BF6F5D835F282AF4CFCF166
DDCTransactionIdDBD52D414ABF79E81D9BA6900BB54637_44, PutCachedData=, CacheKey=REFL_FULL_0C6693969CB849AE9F4120FF5812F4D2_26A925404F3BC2E5AE80BE826DC4948F, StartTime=2016.05.04-09.09.44, HierarchicalDDC=, DataSize=281511, Duration=48.438068, RunGuid=RunIDECA638CB4BF6F5D835F282AF4CFCF166
DDCTransactionIdD6768848493A87104F6274BE8E120F4B_25, PutCachedData=, CacheKey=REFL_FULL_0C6693969CB849AE9F4120FF5812F4D2_676DA71F46905081C264FD8786D76381, StartTime=2016.05.04-09.09.44, HierarchicalDDC=, DataSize=266987, Duration=102.857224, RunGuid=RunIDECA638CB4BF6F5D835F282AF4CFCF166
